-- Generation time: Wed, 06 May 2020 19:35:45 +0000
-- Host: mysql.hostinger.ro
-- DB name: u574849695_24
/*!40030 SET NAMES UTF8 */;
/*!40101 SET @OLD_CHARACTER_SET_CLIENT=@@CHARACTER_SET_CLIENT */;
/*!40101 SET @OLD_CHARACTER_SET_RESULTS=@@CHARACTER_SET_RESULTS */;
/*!40101 SET @OLD_COLLATION_CONNECTION=@@COLLATION_CONNECTION */;
/*!40103 SET @OLD_TIME_ZONE=@@TIME_ZONE */;
/*!40103 SET TIME_ZONE='+00:00' */;
/*!40014 SET @OLD_UNIQUE_CHECKS=@@UNIQUE_CHECKS, UNIQUE_CHECKS=0 */;
/*!40014 SET @OLD_FOREIGN_KEY_CHECKS=@@FOREIGN_KEY_CHECKS, FOREIGN_KEY_CHECKS=0 */;
/*!40101 SET @OLD_SQL_MODE=@@SQL_MODE, SQL_MODE='NO_AUTO_VALUE_ON_ZERO' */;
/*!40111 SET @OLD_SQL_NOTES=@@SQL_NOTES, SQL_NOTES=0 */;

DROP TABLE IF EXISTS `films`;
CREATE TABLE `films` (
  `id` bigint(20) unsigned NOT NULL AUTO_INCREMENT,
  `original_name` varchar(255) COLLATE utf8_unicode_ci NOT NULL,
  `rus_name` varchar(255) COLLATE utf8_unicode_ci NOT NULL,
  `release` date NOT NULL,
  `slogan` varchar(255) COLLATE utf8_unicode_ci DEFAULT NULL,
  `description` varchar(1024) COLLATE utf8_unicode_ci DEFAULT NULL,
  `premiere_world` date NOT NULL,
  `premiere_russia` date DEFAULT NULL,
  `budget` int(15) NOT NULL DEFAULT 0,
  `fees_world` int(15) NOT NULL DEFAULT 0,
  `fees_russia` int(15) NOT NULL DEFAULT 0,
  `length_minutes` int(10) NOT NULL,
  `rating_old` int(2) DEFAULT 0,
  PRIMARY KEY (`id`)
) ENGINE=InnoDB AUTO_INCREMENT=101 DEFAULT CHARSET=utf8 COLLATE=utf8_unicode_ci COMMENT='Фильмы';

INSERT INTO `films` VALUES ('1','non','aliquam','2005-10-31','stronger','Aut itaque nostrum maxime quas distinctio tenetur fugit. Ea a porro ut ut ea officiis. Est dolor soluta tenetur sunt et labore odio.','2012-07-13','2008-02-28','6415878','1515320','28077427','117','68'),
('2','nihil','est','2019-02-01','faster','Et nesciunt explicabo et autem iure commodi earum. Totam quo aut qui. Dolores quis et ea. Aut aspernatur voluptatem earum.','1987-06-12','1992-12-25','8186198','2645149','21335044','109','98'),
('3','sit','repellat','2012-01-01','stronger','Distinctio quo perferendis quos aut omnis. Expedita nisi possimus dolor temporibus reiciendis. Minima porro sed asperiores placeat. Nisi consequuntur saepe molestiae. Magnam ut reiciendis illum aut.','1987-11-03','1990-07-20','4771480','1775316','28002876','115','58'),
('4','fugiat','aut','1990-06-30','higher','Soluta consequatur aliquam ea omnis. Ipsa ea eos eveniet enim. Quis rerum quos rerum ut repudiandae quam.','1972-06-12','1977-07-20','4231477','2147885','24317679','103','72'),
('5','amet','ad','1987-05-18','higher','Ut rem dolor incidunt eos maiores maiores quo. Et hic rerum temporibus laudantium.','1979-01-27','2007-10-28','2545556','1774241','28670336','97','87'),
('6','et','eum','1980-12-03','higher','Aut similique id magnam culpa perferendis minus. Dicta eveniet exercitationem ipsam veniam accusamus animi. Sunt amet quo et quia ea ullam sit.','2005-07-08','1994-10-28','4137662','1812860','17970337','97','62'),
('7','est','hic','1979-01-21','stronger','At quis repudiandae ipsam fugiat. Exercitationem doloribus vero soluta temporibus error. Sint odio illum est a laudantium. Expedita debitis dolorem assumenda consequatur quidem quam dolorem.','1978-04-19','1982-08-29','9948819','1622890','16901221','102','90'),
('8','sit','asperiores','2005-02-05','stronger','Aspernatur cupiditate rerum officia et sit assumenda. Rerum vero ipsum omnis itaque neque rem. Soluta est fugit dolor fuga facilis. Aliquid iusto dolor id quas.','2006-02-26','1998-05-09','8843666','1680636','22954343','104','78'),
('9','dolor','laboriosam','1974-03-27','higher','Excepturi tempore ut rerum et. At ut quibusdam at at et. Ipsum asperiores animi voluptates aut nam et.','2019-01-21','1992-11-03','3504241','2930074','26195961','106','66'),
('10','eos','qui','1972-03-09','stronger','Placeat nulla assumenda at consequatur blanditiis atque. Laudantium similique illum dolores enim mollitia itaque in. Qui velit facere at. Dignissimos non rerum totam quas. Porro ut est id minus cupiditate laboriosam.','2010-08-06','1977-03-03','9598197','2001533','28847657','105','84'),
('11','eius','nihil','2016-09-29','higher','Vel ipsa minus perspiciatis rem voluptatibus laboriosam numquam. Qui placeat hic dolores assumenda nam tempora. Dolorum ducimus nihil ut facilis. Perferendis quis autem dolorem.','2014-05-19','2015-11-22','2047077','2678693','16756301','92','59'),
('12','hic','libero','1985-07-27','stronger','Voluptas quasi velit sunt odit corporis voluptatibus sit. Ut sint laborum accusantium voluptatibus molestias. Earum dolor aliquam qui impedit dolorem error.','1999-08-09','1975-12-07','8660889','2073599','19210985','93','78'),
('13','rerum','quasi','1977-03-07','faster','Aut dolorem delectus asperiores et. Neque facere qui cum fuga reiciendis in natus. Sed eum quaerat optio quidem aut eum. Est voluptas id voluptatem odio porro magni ut exercitationem.','1991-10-21','2007-11-24','6884178','2239915','26902191','104','74'),
('14','et','voluptas','1996-04-24','faster','Ipsa omnis porro similique eius doloremque. Soluta libero ipsam qui velit. Officia alias quia aut. Vel eius laboriosam quas impedit ut vel.','1994-03-17','1982-04-03','1242441','1640182','20358003','110','68'),
('15','sunt','sequi','2003-05-19','stronger','Facilis quia sit quo labore distinctio voluptatem molestias. Ipsam eos quam ab autem voluptas tempore doloribus.','2019-09-01','1974-01-15','3129179','2792827','29986102','114','97'),
('16','fuga','minus','1981-06-04','faster','Cumque in nihil tempora eligendi aspernatur. Officiis explicabo cumque id quisquam. Vel distinctio ullam beatae earum adipisci expedita reprehenderit dolorem. Et dolor quo consequuntur in modi autem. Eos at qui nihil sequi fugit deleniti sit.','1973-05-21','1978-06-11','5074353','1875122','20249348','93','87'),
('17','debitis','ducimus','1989-05-01','stronger','Temporibus unde aut autem provident sint. Perspiciatis quia molestiae veniam et laudantium sunt id.','2006-10-27','2016-10-14','4547410','2353052','21312310','92','54'),
('18','nulla','corporis','2012-10-30','faster','Cum quasi amet eaque et. Aut qui quia soluta aut ipsum temporibus aliquid numquam. Explicabo dolorem aperiam alias voluptate assumenda at.','2019-05-20','1973-12-19','2735708','2929837','29626585','119','83'),
('19','ipsa','in','2013-03-16','faster','Quia modi porro distinctio ipsa vel aspernatur et voluptatem. Occaecati enim culpa ad saepe praesentium nam cumque vitae. Esse temporibus dolorum quia et quia culpa.','1978-12-09','2019-08-07','7402094','2493779','19055021','110','94'),
('20','aspernatur','quia','1999-06-16','stronger','Asperiores non a sint laboriosam. Eligendi temporibus omnis ex magni et iste. Sed numquam inventore repudiandae quo ut esse. Aut beatae vitae voluptate id.','1979-04-23','2008-09-28','4180960','1633403','20936659','106','97'),
('21','optio','voluptas','1994-03-21','higher','Rerum adipisci doloremque at temporibus aspernatur. Consequuntur sint et fugit. Amet sint sit rem eum.','2014-03-19','2001-03-09','3469715','1550092','29133623','115','71'),
('22','dolore','eum','1995-04-14','higher','Qui aut repudiandae qui reiciendis et necessitatibus atque. Quas corporis exercitationem dolorum sint placeat. Ut omnis praesentium laboriosam soluta odit molestiae nostrum et. Quae est porro illo commodi earum sapiente.','2001-07-12','1989-09-01','3164396','2762288','26539663','105','67'),
('23','et','nisi','1978-02-02','higher','Qui assumenda quia recusandae. Labore laboriosam esse consequatur numquam quis iusto. Consequatur assumenda dolor aut quod voluptatem corrupti.','2010-10-27','2012-11-08','1177569','1980805','23954245','114','72'),
('24','eligendi','tempore','1989-03-01','faster','Quo odio dolor sit vitae magnam voluptate ad. Nam voluptas est sapiente illum non asperiores enim. Quae et eos est eligendi.','2018-09-24','2001-11-21','7051120','2948855','16430805','97','78'),
('25','laudantium','dolore','2001-08-17','faster','Qui vel ipsam aperiam nobis. Velit ea non id consequatur dolores vel dolorum unde. Similique aut voluptatum sit distinctio tempore tempora. Corrupti vel minima eum amet molestiae. Veritatis eaque mollitia eum omnis ullam dolores.','1999-03-22','1990-11-04','6465946','2080116','17872102','110','70'),
('26','aut','asperiores','2009-07-17','stronger','Ut et ut temporibus consequatur voluptas ut. Dolorum illo voluptatem modi numquam.','1973-06-15','2001-06-09','8187497','1927211','23647697','110','55'),
('27','itaque','enim','2016-03-21','higher','Qui consequatur sequi voluptates commodi reiciendis. Ipsa quisquam harum iure consequuntur odio. Ut quod error fugiat neque exercitationem possimus ratione.','1980-06-23','2009-06-13','6187567','2020197','24946553','114','69'),
('28','in','quam','1993-10-21','higher','Delectus earum laborum hic. Dolor et explicabo doloribus neque modi adipisci rerum. Aspernatur incidunt odit consectetur vel dolores odio aut. Quos est blanditiis excepturi consequatur voluptatum iusto.','1980-06-14','2007-12-16','4416434','2597084','28741690','97','57'),
('29','perspiciatis','molestiae','1972-06-13','stronger','Et nulla consequatur mollitia fugiat numquam fuga ducimus aut. Ea est officia et ex ab est architecto. Eos provident aut ex harum aperiam earum velit.','1973-05-06','1977-05-09','8117614','1573358','27196927','96','76'),
('30','reprehenderit','illum','2016-10-25','higher','Nihil quam atque quia harum. Sequi reprehenderit totam aliquid nesciunt quidem atque expedita.','1989-12-04','1970-01-09','9764339','2848472','21126511','101','73'),
('31','magni','aut','1988-09-08','higher','Et dolor dicta iste veniam. Nisi vero dolorum illo. Provident officiis vel non quia officiis aliquid.','1991-03-26','1990-01-26','3259144','1790489','21937902','94','75'),
('32','explicabo','omnis','2011-12-25','higher','Quos eos sed qui aut cumque dolorem nam excepturi. Aut enim at enim et facere accusamus. Asperiores laboriosam est voluptatem dolores ut alias.','1985-08-25','1973-05-15','7733541','2816924','19790864','93','96'),
('33','sint','quod','1996-10-23','faster','Qui vitae commodi ducimus ut sed. Totam suscipit et itaque tenetur. In ea et ut. Eaque recusandae dolor sapiente ut accusantium eveniet neque.','1999-05-09','2018-03-11','7440187','2209523','29293506','118','63'),
('34','libero','tempore','1998-08-04','stronger','Itaque expedita ut amet quia deleniti vel non. Aut ipsam excepturi et ea amet sunt. Eligendi et dolores eum accusantium. Dolores nihil consectetur voluptate nostrum earum.','2019-06-15','1972-06-03','3825872','1515096','28390653','117','74'),
('35','cupiditate','ut','1990-08-17','higher','Ducimus ea corrupti officiis rem aut quo. Dolorum nihil voluptas dolores alias. Vero autem minima ab exercitationem ut neque. Sint rerum quasi quia voluptatibus aut quaerat.','1980-03-18','2004-12-15','7273040','1561642','25012464','117','67'),
('36','ducimus','nam','1974-02-15','higher','Non fuga et cupiditate expedita et ut. Natus ut eum consectetur quam corrupti placeat qui. Assumenda quos accusamus facere dolor.','2004-10-22','2003-11-26','4738332','2508338','26240035','93','93'),
('37','adipisci','velit','2007-04-29','stronger','Facilis nostrum nisi ipsum dignissimos placeat possimus. Non non et error dicta eos quo quibusdam. Doloribus quo iste iure nihil officia rem.','2006-03-16','2013-07-11','7787269','2820179','18541697','96','89'),
('38','perspiciatis','sapiente','1999-09-19','stronger','Exercitationem voluptates repellat officiis cum autem consequatur aut. Voluptatem ipsum numquam et amet maxime.','2007-11-02','1999-06-27','1859500','2602754','18507761','110','88'),
('39','amet','placeat','2005-07-03','higher','Omnis iusto optio voluptas nulla aut et cupiditate. Tempora quis rem et sunt. Est tempore ut itaque repudiandae. Omnis delectus laudantium dolores a velit.','2012-03-22','2019-09-18','5009430','2806744','21515114','92','81'),
('40','eum','perferendis','1997-10-23','stronger','Illum excepturi iure tempora maiores aut laudantium. Voluptas rerum molestiae facilis consequatur. Quae modi aliquid qui quos non maxime. Et ipsam ut velit quia recusandae voluptatem.','2018-03-14','2008-12-04','7228453','2683990','26078145','110','67'),
('41','omnis','commodi','2009-12-29','stronger','Nesciunt a nesciunt pariatur quia culpa eius repellat. Odio qui blanditiis voluptatum doloribus aut libero ducimus. Nulla porro placeat non voluptatem quia repudiandae debitis. Aut sit esse quas dolor qui minima minima.','2016-03-12','2016-06-19','9758303','1548332','16564015','104','71'),
('42','harum','quae','1995-11-12','stronger','Optio non deleniti excepturi molestiae explicabo. Voluptatem vel quis dolorem id dolorem omnis et. Incidunt et assumenda consequuntur fugiat minima.','2013-03-27','1983-05-21','1756733','2360685','26925021','94','59'),
('43','dolor','odio','1970-04-12','stronger','Ullam nam totam et nesciunt consequatur fugit. Voluptatum ut praesentium aut quaerat molestiae velit praesentium. Molestias facere iusto aut enim ut cum. Quibusdam qui similique ea ab voluptatum eum neque.','2000-11-11','2008-12-16','4924851','2864589','16314280','111','67'),
('44','amet','et','1990-03-13','stronger','Et temporibus dolores officia beatae minima sit non. Officiis sit ut est qui non. Sunt soluta est sequi omnis exercitationem deserunt.','1993-09-03','1987-04-07','6489174','2589932','22021513','91','84'),
('45','neque','quis','2004-12-05','faster','Molestias corporis est impedit repellat. Velit ipsam et ea odio quaerat.','1994-03-21','2019-03-12','3166784','1595451','29415029','95','69'),
('46','et','dolores','2011-08-12','higher','Rerum occaecati doloremque voluptatum explicabo. Sunt aut sint nulla sint ipsam nemo unde. Voluptas et et voluptas quia voluptate minus. Quam in quo cumque optio sit.','1982-11-21','2000-10-05','4933724','2180466','28168089','98','92'),
('47','est','vitae','2018-04-07','higher','Harum animi nesciunt aut facilis reprehenderit. Qui impedit omnis neque autem possimus. Rerum dolor quasi ipsa est id reiciendis.','1989-01-11','1990-05-21','4387199','2146469','24703377','101','95'),
('48','laboriosam','ipsa','1981-11-23','higher','Vel qui aut ipsa sequi tenetur ad sed. Possimus at asperiores omnis sit quia necessitatibus. Laboriosam esse quae earum dignissimos. Sequi sed nihil nemo minima porro corporis aliquam quisquam.','2016-07-14','1999-11-08','7819675','2776955','22671220','117','73'),
('49','suscipit','provident','2000-07-07','higher','Blanditiis perferendis ut doloremque est assumenda. Minus id ullam incidunt. Ipsum dolorem in dignissimos. Quia quam ut et adipisci. Odit vero ipsum qui non iste alias.','1989-08-25','2002-02-23','8241869','2789338','25155341','116','59'),
('50','rerum','quia','1990-12-18','higher','Voluptatem sed molestiae cum est molestiae dolor. Laborum quibusdam ullam sed mollitia. Qui sit eos non quos. Perspiciatis vitae et placeat odit. Recusandae qui minima et recusandae odit accusamus.','1992-11-17','1998-06-03','2050060','2087702','18708376','94','55'),
('51','dolor','sunt','2018-08-15','faster','Veritatis sint dolores natus quos et quibusdam. In voluptatem recusandae tenetur labore voluptatibus ullam fugiat. Et minima et et vel neque et.','2003-09-06','1988-07-19','2959531','2415061','20523979','109','80'),
('52','dolor','aperiam','2019-04-04','higher','Neque repellendus consequuntur eum. Non ab labore consequuntur totam odit aperiam sit. Dicta qui eos at dolorum. Magnam maxime quod ut rerum quibusdam quasi ut.','1983-04-25','2012-03-19','1010957','2923035','17455883','118','83'),
('53','sed','illo','2014-04-29','stronger','Repudiandae voluptates incidunt perferendis minima veritatis perspiciatis architecto. Eos quasi iure ut veniam eligendi tenetur. Molestiae explicabo esse incidunt molestias assumenda.','1984-10-27','1978-11-02','8711658','2563932','15638360','99','58'),
('54','commodi','ut','1985-01-16','stronger','Similique iste qui et quis vitae aut perferendis. Dignissimos voluptatem labore sit assumenda sit ipsam sit. Et est eaque minus aut beatae commodi modi.','2018-03-05','1970-02-23','4151676','2977278','19625688','94','74'),
('55','saepe','nisi','2016-07-15','stronger','Temporibus reprehenderit quae culpa. Ut non quia beatae blanditiis. Ut magnam doloremque ratione praesentium. Praesentium nihil in delectus ea.','2006-04-09','1989-07-13','4356067','2724885','18183355','105','98'),
('56','eum','enim','1981-10-16','higher','Delectus dolores velit voluptatem et sequi consequatur corporis perferendis. Similique minus delectus tempore. Commodi in voluptas quibusdam sapiente repudiandae ea a.','2005-12-24','1973-04-02','9827576','2486534','24303746','96','61'),
('57','et','sint','1970-10-19','faster','Debitis quidem dolores aliquid voluptatem alias. Ad unde molestias ex. Voluptatibus vero earum est vel velit aut et.','1987-08-21','1989-05-18','4181249','2916964','23594019','109','64'),
('58','sint','culpa','1987-04-19','higher','Animi harum voluptas et sint vitae nihil doloremque nisi. Dolorum inventore velit expedita nobis placeat nam. Quibusdam nisi accusantium aliquam unde ut provident. Quia ad qui odit necessitatibus ipsam et aliquid.','1986-08-08','1982-12-22','7716687','2959890','23047237','119','69'),
('59','sit','soluta','2002-02-19','higher','Nam aut velit quia consequatur molestias velit unde officia. Illo id veritatis nulla eaque nobis voluptas. Modi et veritatis voluptatem eos est esse minus sapiente. Magni corrupti consequatur quas omnis eum illo non.','2002-01-14','1999-05-17','8972244','1581588','19504738','116','78'),
('60','unde','quod','1974-03-18','stronger','Perferendis consequatur distinctio dolorem error aperiam dolorem. Est et sit est aut exercitationem fuga quas rerum. Id enim necessitatibus et quasi soluta quaerat cum saepe.','1985-05-13','1995-01-09','9517723','2992246','25457399','104','87'),
('61','sed','quia','2017-01-12','higher','Ut consectetur harum repudiandae sunt id et. Nisi ut ipsam enim. Fugiat accusantium repudiandae culpa optio enim inventore. Et quibusdam sed et.','2014-08-28','1970-08-13','7293028','1595605','25907568','92','69'),
('62','officia','eos','2012-12-04','higher','Quas expedita in voluptatem et error sed. Et et exercitationem ut vitae et omnis rerum. Accusamus ad numquam repellat enim. Beatae necessitatibus labore non numquam quia pariatur.','1979-03-01','1990-01-28','8925544','2571382','26633794','119','84'),
('63','modi','et','1970-05-20','higher','Atque tenetur est facere esse nam reprehenderit id. Occaecati est dolor rerum consectetur debitis voluptatem. Est enim voluptatem velit fugit eos quo. Aspernatur saepe sunt omnis excepturi.','1998-07-11','2017-03-29','9244863','1998182','21813926','117','66'),
('64','magni','ut','1973-12-08','faster','Unde voluptatum voluptate cupiditate quaerat natus. Ut exercitationem est natus minima pariatur. Perferendis fugiat nostrum dolore dolores. Id porro quo unde aspernatur animi quibusdam.','2009-03-08','1972-07-22','1926840','1555274','22806446','103','82'),
('65','et','qui','1983-04-18','faster','Omnis fugit iste eos veritatis autem quas vel sunt. Illum magni eius consequuntur. Quia consequatur velit accusamus.','2010-02-21','2001-12-05','6611411','2663681','19425904','100','99'),
('66','accusamus','consequatur','1981-12-06','stronger','Omnis adipisci et ipsum recusandae ducimus. Sit autem voluptas voluptatem maxime doloribus fuga. Quasi sunt enim et illo amet cumque cupiditate.','1976-05-01','2003-04-18','5032329','1754063','22057872','110','80'),
('67','illo','autem','1971-06-14','stronger','Ullam qui consectetur pariatur voluptatem sequi repudiandae reprehenderit. Saepe vitae cum aut inventore unde. Reiciendis laudantium voluptatum vel quo est quam.','2018-10-05','2014-09-06','6761603','2210401','28346125','110','85'),
('68','quis','consequatur','1982-10-04','higher','Provident velit nihil veritatis dolorem qui sit voluptatem. Unde distinctio qui rem. Rem inventore officia velit. Voluptatem est facere ut dignissimos eum consequuntur.','1970-05-20','1981-06-28','5655025','2866230','25994976','98','85'),
('69','dignissimos','sed','1995-11-12','higher','Delectus dolorum qui earum et recusandae nisi quas. Aut numquam veniam cum ut dolorum neque qui beatae. Recusandae repellat consequatur saepe voluptatem repellendus fuga. Est natus alias dolorum reiciendis.','1993-08-21','2002-05-25','9582119','2778658','15057741','112','98'),
('70','repellat','culpa','1991-10-31','faster','Vero cumque quod voluptatem commodi. Expedita eos qui reiciendis odio. Et velit provident voluptas accusamus.','2008-02-23','1992-07-08','5810716','1918757','18063090','115','85'),
('71','vel','dolorum','1983-11-01','higher','Dolores earum in cupiditate. Quam repudiandae molestias in tempora cum odit. Praesentium repudiandae sapiente vitae ipsum et quas. Ut asperiores voluptas dicta.','2008-10-10','2004-04-13','5574213','1781184','26658366','91','89'),
('72','est','ducimus','2008-12-24','faster','Omnis eveniet aut ut minus illo aliquam. Maxime minus consequatur eum. Rem nisi commodi aut non aut.','1975-01-09','1976-03-25','2898189','1557081','29629375','102','82'),
('73','similique','id','2012-03-30','faster','Consequuntur tempore et officiis impedit iure. Voluptas maiores nobis ut voluptates aut et incidunt doloribus. Nam eius similique voluptatem autem. Et ducimus dolorum repellendus voluptatibus ea corporis.','2016-04-17','1972-09-13','6386810','2713111','27731462','108','64'),
('74','delectus','vitae','1984-02-16','stronger','Dolore aut consequatur qui doloribus voluptates sint illum. Ut voluptatem ut ut quisquam ut aspernatur esse voluptatem. Rerum reiciendis quae iure tenetur nemo.','1996-08-26','1978-01-05','9030068','2166040','24058660','103','71'),
('75','sit','aut','1994-04-10','stronger','Quis nisi et omnis cumque suscipit. Repellendus cupiditate voluptatem laudantium quo. Consequatur delectus aliquam ut libero quae reiciendis sit.','1997-12-19','2018-06-08','6978356','2177777','25579108','103','90'),
('76','quis','et','1970-09-09','higher','Magni nihil aspernatur quod perferendis. Nam temporibus et molestiae nihil. Magni ea officiis iusto et quis qui voluptas. Vel sit iure cupiditate occaecati quia alias. Consequatur quia esse incidunt veniam aut sit voluptate.','1995-07-31','1975-09-21','1310805','2441555','24618987','104','68'),
('77','non','pariatur','2012-08-11','faster','Et delectus optio similique magnam quos nisi optio est. Saepe beatae ipsum et nemo et et.','1975-08-26','1985-12-02','7599830','1716035','21618093','95','55'),
('78','qui','autem','2014-11-30','higher','In quae facilis sit ut. Expedita ex ad nam velit at voluptatem. Velit vitae eaque aut eos saepe vel architecto quis. Dolore quis voluptas sint asperiores qui eligendi.','1998-06-13','1994-04-27','6764032','1938852','29569199','95','83'),
('79','excepturi','eligendi','2014-10-04','faster','Laborum deserunt totam qui sed qui. Consequuntur nam dignissimos omnis autem maiores eveniet. Nemo aliquid officia repudiandae velit sunt sed.','2000-02-08','1972-12-22','5089478','2380774','28098739','111','57'),
('80','voluptatibus','ut','1971-02-23','higher','Vel eos officia quae qui qui. Veritatis mollitia consequuntur doloremque error qui. Modi voluptatem labore modi tempore et exercitationem. Molestiae facilis in dolore eum et itaque. Libero natus eaque fugit dolores.','1980-01-25','1988-09-20','7899008','1857565','19100296','98','87'),
('81','sit','itaque','1978-08-26','stronger','Quos deserunt doloribus fugit et id explicabo vel. Et quia aut voluptatem asperiores harum ab. Voluptatem ipsa voluptatem exercitationem rem soluta eaque est.','1986-02-11','1977-04-24','9165277','2942899','15842504','114','56'),
('82','et','est','2004-10-25','stronger','Natus aut sint vitae reiciendis. Cupiditate assumenda at alias perferendis.','1977-12-22','2010-05-15','5626578','2287978','27690192','101','70'),
('83','rerum','enim','1972-11-07','higher','Cumque aperiam eum et expedita. A aspernatur dolorem ut sint. Aut possimus commodi provident debitis.','2016-09-14','2010-11-21','7093345','2305517','21156729','101','86'),
('84','sint','et','2002-02-11','stronger','Aliquid aut reiciendis magnam itaque doloremque tenetur magnam. Consequatur culpa aliquam voluptas exercitationem sint. Commodi voluptas rerum recusandae officiis non error deserunt. Ratione eius et ex fuga ut qui libero.','1974-04-30','2019-11-13','4291009','2744832','18249675','109','81'),
('85','labore','asperiores','2000-11-30','higher','Aut earum numquam cum. Alias et autem et est odit ex. Maxime odio rerum harum rerum non quo fugiat.','1972-11-16','1973-02-03','6113235','2491471','21614931','111','58'),
('86','rerum','voluptatibus','2013-03-22','higher','Veritatis quibusdam illo cumque sed quis eveniet assumenda. Iusto vitae est commodi laudantium. Perspiciatis debitis aliquid earum minima aut. Et ducimus ipsam quas delectus.','2004-05-21','2019-04-08','2830691','2993858','15297350','112','99'),
('87','reiciendis','eaque','2014-01-27','stronger','Dolorem tempore vitae dignissimos voluptatem quia. Quos molestiae enim molestiae maiores. Adipisci minus voluptas voluptatem. Officia alias error cumque cum.','1989-07-19','1990-01-21','2466533','2732031','21019639','93','58'),
('88','assumenda','perferendis','1989-01-02','stronger','Delectus et nihil aut quaerat. Eum qui qui iure eos tempora impedit sit. Totam ab rem quia eum cumque perspiciatis. Aliquam error praesentium eos nesciunt et.','1981-12-31','2009-06-13','7485851','1973370','27765076','104','72'),
('89','qui','minima','1998-03-05','stronger','Voluptas consectetur ex qui. Qui sit eum est nobis nihil ut est. Vel doloremque voluptatibus blanditiis. Exercitationem et esse voluptatem similique.','1992-01-04','1973-03-08','1359360','2762641','24602865','109','76'),
('90','earum','voluptas','2004-03-20','higher','Voluptatem magnam soluta minus blanditiis minus sed qui. Quidem quasi error omnis adipisci sint odio quia voluptas. Ea quos nisi voluptas qui iusto. Qui dolor ad dolores soluta dolorem.','2008-01-16','1979-02-03','3663215','2722942','15364977','111','72'),
('91','qui','incidunt','1998-08-29','stronger','Aut repellendus ea aut qui. Nobis inventore dolores nihil ipsam voluptas repellat.','1992-12-14','1988-10-18','9774560','2149269','26810098','97','74'),
('92','quo','ut','2000-12-26','higher','Nemo ducimus in distinctio eius voluptate. Doloremque quo maxime odio. Dolorum aliquid occaecati non et nostrum nostrum.','2000-08-17','2013-04-14','8896220','2142298','25544241','101','79'),
('93','rerum','repellat','2018-09-04','higher','Id aut placeat ut omnis provident quo et. Sit hic ipsa necessitatibus sed voluptates maiores nulla. Sequi eaque quo est.','1983-09-14','1984-09-30','1114512','2341810','16351495','115','98'),
('94','veniam','illo','2010-04-24','faster','Rerum ut fuga dolorum eligendi optio dignissimos quia. Optio temporibus occaecati qui voluptate. Repellat laboriosam qui ea et et consequuntur. Aliquam excepturi rerum ipsam nisi qui odit.','1988-10-12','2001-06-24','5568458','2871338','24417132','118','70'),
('95','ut','ut','2010-08-14','higher','Officiis asperiores ipsum aut est natus nulla ad tempora. Cum expedita et est labore accusamus quis dolores dolores. Inventore qui voluptas culpa velit eaque sequi aut et. Autem ipsam officiis nam consequuntur.','1977-06-07','1971-09-25','3206032','2449595','27630291','101','77'),
('96','harum','cumque','1980-03-28','higher','Dicta labore voluptas excepturi rem repudiandae est reprehenderit. Aut qui deserunt recusandae dolores ad. Asperiores neque non quis neque totam.','1997-07-08','1993-04-07','5555865','2896672','17551207','99','74'),
('97','minus','modi','1995-09-30','higher','Omnis quisquam doloribus minus sit vero. Vitae omnis magnam corporis incidunt repudiandae beatae. Sed necessitatibus aliquam odio explicabo accusamus molestiae.','2007-05-12','1992-02-08','6628533','2261655','27345872','115','54'),
('98','facere','eligendi','1980-11-03','faster','Vel ipsa sunt voluptatem totam voluptatem eos. Rerum et ex aut modi voluptates officiis. Velit animi assumenda voluptas aliquam dignissimos. Et voluptatem velit in nam et voluptatum dolor. Enim impedit alias sunt quia ratione.','1977-03-24','1983-08-04','4345613','2227366','15706814','115','94'),
('99','labore','id','1984-01-07','stronger','Facere suscipit enim libero nemo dolorem id ut qui. Dolores nihil ullam nostrum quisquam aut quis. Rerum labore aut consequuntur molestiae atque rerum sapiente a.','1987-08-07','2014-11-16','6335735','2722402','22549303','115','55'),
('100','illo','necessitatibus','2003-11-19','stronger','Minima aut aliquam eos nostrum reprehenderit. Nihil iusto omnis quibusdam dicta ut doloribus perspiciatis. Ut temporibus natus facere sit consequuntur autem. Quas dolorem delectus at dolore.','2011-11-18','1979-03-12','3756703','2970773','25786409','105','60'); 


DROP TABLE IF EXISTS `films_genre`;
CREATE TABLE `films_genre` (
  `film_id` bigint(20) unsigned NOT NULL,
  `genre_id` bigint(20) unsigned NOT NULL,
  KEY `fk_films_genre_film_id` (`film_id`),
  KEY `fk_films_genre_genre_id` (`genre_id`),
  CONSTRAINT `fk_films_genre_film_id` FOREIGN KEY (`film_id`) REFERENCES `films` (`id`) ON DELETE NO ACTION ON UPDATE CASCADE,
  CONSTRAINT `fk_films_genre_genre_id` FOREIGN KEY (`genre_id`) REFERENCES `genre` (`id`) ON DELETE NO ACTION ON UPDATE CASCADE
) ENGINE=InnoDB DEFAULT CHARSET=utf8 COLLATE=utf8_unicode_ci COMMENT='Связь фильмов и жанров';

INSERT INTO `films_genre` VALUES ('1','1'),
('2','2'),
('3','3'),
('4','4'),
('5','5'),
('6','6'),
('7','7'),
('8','8'),
('9','9'),
('10','10'),
('11','11'),
('12','12'),
('13','13'),
('14','14'),
('15','15'),
('16','16'),
('17','17'),
('18','18'),
('19','19'),
('20','20'),
('21','21'),
('22','22'),
('23','23'),
('24','24'),
('25','25'),
('26','26'),
('27','27'),
('28','28'),
('29','29'),
('30','30'),
('31','31'),
('32','32'),
('33','33'),
('34','34'),
('35','35'),
('36','36'),
('37','37'),
('38','38'),
('39','39'),
('40','40'),
('41','41'),
('42','42'),
('43','43'),
('44','44'),
('45','45'),
('46','46'),
('47','47'),
('48','48'),
('49','49'),
('50','50'),
('51','51'),
('52','52'),
('53','53'),
('54','54'),
('55','55'),
('56','56'),
('57','57'),
('58','58'),
('59','59'),
('60','60'),
('61','61'),
('62','62'),
('63','63'),
('64','64'),
('65','65'),
('66','66'),
('67','67'),
('68','68'),
('69','69'),
('70','70'),
('71','71'),
('72','72'),
('73','73'),
('74','74'),
('75','75'),
('76','76'),
('77','77'),
('78','78'),
('79','79'),
('80','80'),
('81','81'),
('82','82'),
('83','83'),
('84','84'),
('85','85'),
('86','86'),
('87','87'),
('88','88'),
('89','89'),
('90','90'),
('91','91'),
('92','92'),
('93','93'),
('94','94'),
('95','95'),
('96','96'),
('97','97'),
('98','98'),
('99','99'),
('100','100'); 


DROP TABLE IF EXISTS `films_people`;
CREATE TABLE `films_people` (
  `id` bigint(20) unsigned NOT NULL AUTO_INCREMENT,
  `film_id` bigint(20) unsigned NOT NULL,
  `people_id` bigint(20) unsigned NOT NULL,
  `role_id` bigint(20) unsigned NOT NULL,
  PRIMARY KEY (`id`),
  KEY `fk_films_people_film_id` (`film_id`),
  KEY `fk_films_people_people_id` (`people_id`),
  KEY `fk_films_people_role_id` (`role_id`),
  CONSTRAINT `fk_films_people_film_id` FOREIGN KEY (`film_id`) REFERENCES `films` (`id`) ON DELETE NO ACTION ON UPDATE CASCADE,
  CONSTRAINT `fk_films_people_people_id` FOREIGN KEY (`people_id`) REFERENCES `people` (`id`) ON DELETE NO ACTION ON UPDATE CASCADE,
  CONSTRAINT `fk_films_people_role_id` FOREIGN KEY (`role_id`) REFERENCES `roles` (`id`) ON DELETE NO ACTION ON UPDATE CASCADE
) ENGINE=InnoDB AUTO_INCREMENT=101 DEFAULT CHARSET=utf8 COLLATE=utf8_unicode_ci COMMENT='Связь фильмов и людей, участвующих в них';

INSERT INTO `films_people` VALUES ('1','1','1','1'),
('2','2','2','2'),
('3','3','3','3'),
('4','4','4','4'),
('5','5','5','5'),
('6','6','6','6'),
('7','7','7','7'),
('8','8','8','8'),
('9','9','9','9'),
('10','10','10','10'),
('11','11','11','11'),
('12','12','12','12'),
('13','13','13','13'),
('14','14','14','14'),
('15','15','15','15'),
('16','16','16','16'),
('17','17','17','17'),
('18','18','18','18'),
('19','19','19','19'),
('20','20','20','20'),
('21','21','21','21'),
('22','22','22','22'),
('23','23','23','23'),
('24','24','24','24'),
('25','25','25','25'),
('26','26','26','26'),
('27','27','27','27'),
('28','28','28','28'),
('29','29','29','29'),
('30','30','30','30'),
('31','31','31','31'),
('32','32','32','32'),
('33','33','33','33'),
('34','34','34','34'),
('35','35','35','35'),
('36','36','36','36'),
('37','37','37','37'),
('38','38','38','38'),
('39','39','39','39'),
('40','40','40','40'),
('41','41','41','41'),
('42','42','42','42'),
('43','43','43','43'),
('44','44','44','44'),
('45','45','45','45'),
('46','46','46','46'),
('47','47','47','47'),
('48','48','48','48'),
('49','49','49','49'),
('50','50','50','50'),
('51','51','51','51'),
('52','52','52','52'),
('53','53','53','53'),
('54','54','54','54'),
('55','55','55','55'),
('56','56','56','56'),
('57','57','57','57'),
('58','58','58','58'),
('59','59','59','59'),
('60','60','60','60'),
('61','61','61','61'),
('62','62','62','62'),
('63','63','63','63'),
('64','64','64','64'),
('65','65','65','65'),
('66','66','66','66'),
('67','67','67','67'),
('68','68','68','68'),
('69','69','69','69'),
('70','70','70','70'),
('71','71','71','71'),
('72','72','72','72'),
('73','73','73','73'),
('74','74','74','74'),
('75','75','75','75'),
('76','76','76','76'),
('77','77','77','77'),
('78','78','78','78'),
('79','79','79','79'),
('80','80','80','80'),
('81','81','81','81'),
('82','82','82','82'),
('83','83','83','83'),
('84','84','84','84'),
('85','85','85','85'),
('86','86','86','86'),
('87','87','87','87'),
('88','88','88','88'),
('89','89','89','89'),
('90','90','90','90'),
('91','91','91','91'),
('92','92','92','92'),
('93','93','93','93'),
('94','94','94','94'),
('95','95','95','95'),
('96','96','96','96'),
('97','97','97','97'),
('98','98','98','98'),
('99','99','99','99'),
('100','100','100','100'); 


DROP TABLE IF EXISTS `genre`;
CREATE TABLE `genre` (
  `id` bigint(20) unsigned NOT NULL AUTO_INCREMENT,
  `name` varchar(255) COLLATE utf8_unicode_ci NOT NULL,
  PRIMARY KEY (`id`)
) ENGINE=InnoDB AUTO_INCREMENT=101 DEFAULT CHARSET=utf8 COLLATE=utf8_unicode_ci COMMENT='Жанры кино';

INSERT INTO `genre` VALUES ('1','Ток-шоу'),
('2','Военный'),
('3','Концерт'),
('4','Фильмы-нуар'),
('5','Фэнтези'),
('6','Аниме'),
('7','Мюзикл'),
('8','Ужасы'),
('9','Детектив'),
('10','Мюзикл'),
('11','Ужасы'),
('12','Семейный'),
('13','Фантастика'),
('14','Драма'),
('15','Мелодрама'),
('16','Детский'),
('17','Короткометражка'),
('18','Реальное ТВ'),
('19','Военный'),
('20','Мелодрама'),
('21','Короткометражка'),
('22','Приключения'),
('23','Сериал'),
('24','Музыкальный'),
('25','Исторический'),
('26','Мультфильм'),
('27','Аниме'),
('28','Триллер'),
('29','Приключения'),
('30','Музыкальный'),
('31','Боевик'),
('32','Биография'),
('33','Концерт'),
('34','Мюзикл'),
('35','Комедия'),
('36','Ужасы'),
('37','Военный'),
('38','Мультфильм'),
('39','Сериал'),
('40','Фантастика'),
('41','Ужасы'),
('42','Фантастика'),
('43','Триллер'),
('44','Драма'),
('45','Музыкальный'),
('46','Спортивные'),
('47','Исторический'),
('48','Короткометражка'),
('49','Фэнтези'),
('50','Военный'),
('51','Музыкальный'),
('52','Детектив'),
('53','Фантастика'),
('54','Семейный'),
('55','Музыкальный'),
('56','Реальное ТВ'),
('57','Военный'),
('58','Комедия'),
('59','Короткометражка'),
('60','Ток-шоу'),
('61','Реальное ТВ'),
('62','Фэнтези'),
('63','Детский'),
('64','Военный'),
('65','Детский'),
('66','Боевик'),
('67','Ужасы'),
('68','Документальный'),
('69','Фантастика'),
('70','Криминальный'),
('71','Драма'),
('72','Военный'),
('73','Ужасы'),
('74','Драма'),
('75','Фэнтези'),
('76','Фантастика'),
('77','Вестерн'),
('78','Спортивные'),
('79','Аниме'),
('80','Документальный'),
('81','Триллер'),
('82','Приключения'),
('83','Спортивные'),
('84','Музыкальный'),
('85','Документальный'),
('86','Драма'),
('87','Исторический'),
('88','Семейный'),
('89','Мелодрама'),
('90','Ужасы'),
('91','Сериал'),
('92','Криминальный'),
('93','Мюзикл'),
('94','Детектив'),
('95','Триллер'),
('96','Фильмы-нуар'),
('97','Детский'),
('98','Фильмы-нуар'),
('99','Фильмы-нуар'),
('100','Ток-шоу'); 


DROP TABLE IF EXISTS `media`;
CREATE TABLE `media` (
  `id` bigint(20) unsigned NOT NULL AUTO_INCREMENT,
  `film_id` bigint(20) unsigned NOT NULL,
  `media_type` enum('poster','trailer','picture','other') COLLATE utf8_unicode_ci NOT NULL DEFAULT 'other',
  `name` varchar(255) COLLATE utf8_unicode_ci NOT NULL,
  `file_name` varchar(255) COLLATE utf8_unicode_ci DEFAULT NULL,
  `title` text COLLATE utf8_unicode_ci DEFAULT NULL,
  PRIMARY KEY (`id`),
  KEY `fk_media_film_id` (`film_id`),
  CONSTRAINT `fk_media_film_id` FOREIGN KEY (`film_id`) REFERENCES `films` (`id`) ON DELETE NO ACTION ON UPDATE CASCADE
) ENGINE=InnoDB AUTO_INCREMENT=101 DEFAULT CHARSET=utf8 COLLATE=utf8_unicode_ci COMMENT='Постеры, трейлеры и кадры к фильму';

INSERT INTO `media` VALUES ('1','1','poster','ut','ipsa','Velit numquam eum rerum.'),
('2','2','poster','quo','quas','Deleniti ipsam fuga dolores ad repellendus vero placeat.'),
('3','3','other','quibusdam','natus','Consequatur aut iste vero laboriosam magnam omnis.'),
('4','4','picture','sed','ratione','Ex sit nesciunt quia et officiis inventore repellat inventore.'),
('5','5','poster','laborum','sunt','Dolores dolor officiis quidem rem reiciendis nostrum voluptates.'),
('6','6','picture','esse','sed','Beatae expedita dignissimos impedit laborum cupiditate.'),
('7','7','other','quis','neque','Est repellat porro ab velit culpa natus occaecati ullam.'),
('8','8','trailer','enim','blanditiis','Similique maxime fugit omnis inventore.'),
('9','9','trailer','ad','unde','Deleniti id enim qui quaerat perferendis dolor.'),
('10','10','other','quo','sapiente','Nobis tempore provident explicabo blanditiis vel quia numquam sed.'),
('11','11','trailer','quam','iusto','Exercitationem expedita et dicta velit aliquid beatae.'),
('12','12','poster','sit','ut','Maxime autem ipsa ut.'),
('13','13','poster','eos','aut','Et enim cum repudiandae et eaque.'),
('14','14','picture','sint','id','Temporibus impedit minus pariatur illum vero cumque illo.'),
('15','15','trailer','neque','optio','Molestias quod sit voluptates sit error tenetur exercitationem dolorem.'),
('16','16','trailer','laborum','tempora','Saepe sed qui qui ratione odit est.'),
('17','17','trailer','odio','pariatur','Quis magni a dolores cupiditate quas omnis quo soluta.'),
('18','18','poster','minus','aut','Temporibus nobis veritatis corporis aut occaecati porro enim.'),
('19','19','other','eos','sit','Est qui sed provident iste magnam et accusantium.'),
('20','20','other','fuga','minima','Aut officiis nemo est nemo et hic sunt omnis.'),
('21','21','trailer','totam','accusamus','Iure provident ut cumque aperiam consequatur.'),
('22','22','other','neque','voluptatem','Ut perferendis tenetur ipsam eligendi.'),
('23','23','picture','nihil','atque','Numquam consectetur dolore amet.'),
('24','24','picture','suscipit','rerum','Dolores vel dolores eaque numquam laudantium.'),
('25','25','poster','ea','id','Eveniet fugiat iste facilis et rerum est.'),
('26','26','trailer','soluta','et','Dolor quo velit sunt soluta.'),
('27','27','trailer','tempora','qui','Aut odio sunt tempora laboriosam id possimus eos vel.'),
('28','28','picture','perspiciatis','et','Suscipit unde culpa sint aperiam aspernatur.'),
('29','29','other','et','enim','Repudiandae repudiandae doloribus nihil blanditiis velit et veniam.'),
('30','30','other','autem','eos','Dolore hic officiis voluptas et.'),
('31','31','picture','occaecati','natus','Excepturi neque reiciendis molestiae.'),
('32','32','other','dolorem','unde','Laboriosam quis quo minus incidunt.'),
('33','33','trailer','quia','soluta','Veritatis aut quia consequuntur dicta quia aut.'),
('34','34','trailer','laudantium','omnis','Fugiat non minima dolores sit.'),
('35','35','trailer','nihil','ut','Hic velit aut illum non earum sapiente est.'),
('36','36','other','provident','sit','Placeat hic qui non ut fugit.'),
('37','37','trailer','optio','id','Suscipit rerum ea molestiae exercitationem quae.'),
('38','38','picture','molestiae','est','Quia deleniti accusamus placeat officia et non nam.'),
('39','39','picture','dolorem','modi','Facilis illo consequatur dolorum voluptas consequatur et.'),
('40','40','other','et','repellat','Nobis ex et tempora error voluptates quia.'),
('41','41','picture','ut','facilis','Itaque accusantium doloremque iste ut.'),
('42','42','poster','rem','expedita','Reiciendis voluptas qui ut natus quaerat.'),
('43','43','picture','placeat','at','Perferendis blanditiis ut quia laborum tenetur.'),
('44','44','picture','architecto','cum','Dolor velit ea aut dignissimos enim labore doloribus.'),
('45','45','picture','culpa','dolores','Eveniet ut dolorem nisi id alias.'),
('46','46','poster','fugiat','ut','Sed adipisci illum omnis commodi minima consectetur quo.'),
('47','47','other','dolores','eligendi','Rem suscipit explicabo laborum.'),
('48','48','trailer','corporis','non','Minima et porro quia aut voluptas.'),
('49','49','other','molestiae','et','Velit in sint necessitatibus saepe autem reprehenderit est.'),
('50','50','picture','omnis','earum','Aliquid sunt velit voluptatem illo.'),
('51','51','picture','beatae','quam','Accusantium mollitia aperiam dicta voluptas soluta culpa.'),
('52','52','poster','optio','impedit','Qui quod eum veniam aut itaque eius.'),
('53','53','other','voluptas','perspiciatis','Est facere quibusdam distinctio minus.'),
('54','54','trailer','quo','ut','Minima iusto quidem ea et.'),
('55','55','other','quae','id','Ea sit distinctio veritatis aut accusamus quos nihil.'),
('56','56','trailer','possimus','et','Quo laudantium assumenda aut culpa.'),
('57','57','other','assumenda','modi','Id non quia quod facere.'),
('58','58','picture','non','accusantium','Ratione et sed aperiam sit totam totam sunt.'),
('59','59','other','et','et','Id ducimus ipsam et eligendi dicta nemo.'),
('60','60','other','modi','eos','Et et voluptas labore nostrum consectetur.'),
('61','61','other','nemo','et','Omnis molestiae dignissimos ratione expedita possimus.'),
('62','62','poster','ratione','qui','Suscipit omnis quod totam laborum nobis asperiores.'),
('63','63','other','quam','nihil','Et aut fugit est recusandae beatae doloremque.'),
('64','64','other','consectetur','omnis','Architecto ea quos totam distinctio et blanditiis nemo.'),
('65','65','picture','impedit','totam','Odio excepturi consequatur dicta rerum reprehenderit.'),
('66','66','picture','voluptates','doloribus','Fugit quo qui nam eligendi minima doloremque doloribus aut.'),
('67','67','poster','necessitatibus','dolor','Rerum nisi enim autem a accusantium et.'),
('68','68','poster','mollitia','ut','Eos doloremque quasi est vel sapiente.'),
('69','69','other','ex','labore','Porro eum enim culpa at et atque ullam.'),
('70','70','poster','nulla','sunt','Eos consectetur aut ut quae aut est omnis.'),
('71','71','picture','quaerat','voluptate','Perferendis eum sed asperiores sed ipsa natus.'),
('72','72','picture','repudiandae','est','Atque eaque dolorem voluptatibus at ut ipsam.'),
('73','73','trailer','asperiores','necessitatibus','Rem quam velit temporibus totam natus.'),
('74','74','picture','et','rem','Animi et nisi officiis alias delectus omnis quia.'),
('75','75','other','qui','similique','Officia dolor corporis nesciunt explicabo.'),
('76','76','picture','optio','quia','Quo repellat qui quas unde.'),
('77','77','other','mollitia','ut','Libero iure ut dignissimos.'),
('78','78','other','praesentium','qui','Asperiores enim unde quam libero corporis perferendis voluptas.'),
('79','79','other','esse','quos','Unde eum dolor dicta occaecati ex dolorum voluptatem.'),
('80','80','trailer','non','omnis','Voluptates ex odio vel aliquid reiciendis delectus.'),
('81','81','picture','mollitia','quo','Dolorum suscipit doloremque omnis illo ipsam voluptates fugit.'),
('82','82','trailer','quo','illo','Qui repellat placeat rem corporis.'),
('83','83','poster','enim','accusantium','Perspiciatis sed qui sapiente culpa consectetur qui praesentium.'),
('84','84','other','maiores','perferendis','Modi et omnis libero voluptate voluptate.'),
('85','85','trailer','velit','repellat','Vel omnis et voluptas quasi.'),
('86','86','other','minima','aut','Ad necessitatibus labore aut qui consequatur ducimus.'),
('87','87','poster','temporibus','aspernatur','Omnis eligendi velit dolores dolor temporibus et optio.'),
('88','88','trailer','aperiam','molestiae','Veritatis ut iure aliquam ratione omnis velit.'),
('89','89','picture','sed','eos','Est dolor temporibus delectus qui dolorem sed sed.'),
('90','90','other','voluptatem','rem','Eos dolor maxime cumque culpa dolores nihil.'),
('91','91','poster','eos','voluptatem','Necessitatibus recusandae aut sit rerum et dicta.'),
('92','92','other','et','iure','Sit cumque ea ut voluptatibus repudiandae.'),
('93','93','picture','quas','consequatur','Rerum et animi culpa sed quia ut.'),
('94','94','other','quo','dolorem','Omnis ut sequi atque cumque nam.'),
('95','95','poster','qui','error','Nemo amet consequatur ut sequi sit exercitationem esse.'),
('96','96','trailer','nemo','minima','Earum rerum voluptatem asperiores minima sed.'),
('97','97','other','reprehenderit','rem','Voluptatibus voluptate soluta quibusdam ut in explicabo vel.'),
('98','98','picture','dolores','a','Dolorem et mollitia ut neque porro at quis.'),
('99','99','picture','placeat','maxime','Laborum molestiae voluptas exercitationem et.'),
('100','100','poster','porro','alias','Odio porro sequi cupiditate ut recusandae amet libero.'); 


DROP TABLE IF EXISTS `people`;
CREATE TABLE `people` (
  `id` bigint(20) unsigned NOT NULL AUTO_INCREMENT,
  `first_name` varchar(100) COLLATE utf8_unicode_ci NOT NULL,
  `last_name` varchar(100) COLLATE utf8_unicode_ci NOT NULL,
  `gender` char(1) COLLATE utf8_unicode_ci DEFAULT NULL,
  `birthday` date NOT NULL,
  `height` int(3) unsigned NOT NULL,
  PRIMARY KEY (`id`)
) ENGINE=InnoDB AUTO_INCREMENT=101 DEFAULT CHARSET=utf8 COLLATE=utf8_unicode_ci COMMENT='Люди, участвующие в фильмах';

INSERT INTO `people` VALUES ('1','Madilyn','West','f','1995-11-08','174'),
('2','Felipa','Mayert','f','1971-10-26','183'),
('3','Camden','Miller','f','1972-02-12','179'),
('4','Marjorie','Goldner','f','2015-11-03','179'),
('5','Yoshiko','Jones','m','1982-04-28','180'),
('6','Virgie','Ortiz','f','2001-01-30','173'),
('7','Kristopher','Gutmann','f','1983-12-17','181'),
('8','Drew','Grady','f','2016-11-06','181'),
('9','Felicity','Schneider','f','1994-06-02','176'),
('10','Darius','Mosciski','m','1974-02-08','180'),
('11','Annamarie','Schinner','m','1986-05-09','172'),
('12','Annabel','Crona','f','2004-08-21','172'),
('13','Heidi','Pfeffer','f','1991-12-07','183'),
('14','Graham','Jaskolski','f','2015-07-07','176'),
('15','Ismael','Schuppe','m','1990-05-23','180'),
('16','Camren','Wolff','f','1993-11-25','182'),
('17','Hardy','Ullrich','m','2004-09-04','179'),
('18','Bernhard','Haley','f','2012-04-30','181'),
('19','Reed','Nitzsche','f','1985-02-01','177'),
('20','Garth','Deckow','m','2003-03-31','183'),
('21','Garnet','Lueilwitz','f','1973-07-20','182'),
('22','Patrick','Rempel','m','1997-09-01','180'),
('23','Rafael','Jenkins','f','2003-10-21','183'),
('24','Billy','Flatley','m','2008-05-14','174'),
('25','Maxwell','Rowe','f','1988-10-29','176'),
('26','Faye','Thiel','m','2009-04-03','172'),
('27','Juanita','Waters','f','1985-03-04','185'),
('28','Jesse','Price','m','2014-12-28','170'),
('29','Russell','Zemlak','m','1983-12-07','180'),
('30','Earline','Dietrich','m','1982-07-30','173'),
('31','Arlie','Shanahan','f','1982-03-18','180'),
('32','Tyree','Heathcote','m','1981-09-07','173'),
('33','Mariano','Pagac','m','2009-12-05','177'),
('34','Marta','Feeney','m','1982-12-12','184'),
('35','Ashley','Daniel','m','1998-03-05','178'),
('36','Henry','Herzog','f','1983-07-31','184'),
('37','Willa','Reichel','m','2001-10-29','177'),
('38','Eulalia','Zboncak','m','2017-10-22','177'),
('39','Rebeca','Hane','f','2015-03-18','176'),
('40','Paolo','Quigley','m','1982-09-25','177'),
('41','Sasha','Schuppe','m','1984-06-12','170'),
('42','Vesta','Ebert','f','2016-11-26','177'),
('43','Una','Nader','m','2004-06-14','176'),
('44','Jovany','Marvin','m','2014-05-21','182'),
('45','Beulah','Herman','m','1989-03-09','173'),
('46','Tia','Mills','f','2003-03-01','175'),
('47','Maudie','Bosco','f','1994-08-13','184'),
('48','Dallin','Bednar','m','2014-02-14','179'),
('49','Janice','Runolfsson','m','2013-04-07','175'),
('50','Frankie','Nicolas','m','1975-08-09','170'),
('51','Constantin','VonRueden','f','1991-10-27','181'),
('52','Willow','Hilpert','m','2000-10-07','182'),
('53','Emmanuelle','Zemlak','f','1981-01-05','175'),
('54','Cielo','Bernhard','m','1975-12-25','179'),
('55','Carmen','Rath','m','2000-05-22','178'),
('56','Kris','Hansen','f','1978-02-05','176'),
('57','Itzel','Stiedemann','f','1974-04-20','177'),
('58','Mafalda','Goldner','f','1970-02-18','180'),
('59','Jaeden','Lang','f','2001-10-17','174'),
('60','Carter','Lebsack','f','2009-10-29','170'),
('61','Waylon','Gerhold','m','1993-04-25','182'),
('62','Macy','Huels','f','2014-05-15','180'),
('63','Enoch','Herman','f','1986-07-05','173'),
('64','Miles','Mante','f','2003-04-01','173'),
('65','Theron','Mraz','f','2012-01-20','173'),
('66','Anabel','Gleason','m','1982-03-07','175'),
('67','Elsie','Block','f','2015-11-16','174'),
('68','Abe','Altenwerth','m','1977-08-01','174'),
('69','Americo','Schowalter','m','2003-03-28','181'),
('70','Zelma','Champlin','m','1971-06-03','181'),
('71','Matt','Schowalter','f','1985-11-15','183'),
('72','Isaac','Torp','m','1980-09-08','179'),
('73','Erika','Renner','m','1970-06-07','181'),
('74','Frida','Medhurst','m','2003-03-17','171'),
('75','Corene','Yundt','f','2010-10-17','180'),
('76','Isom','Wyman','f','1983-05-22','170'),
('77','Tanner','Barrows','m','2003-07-08','180'),
('78','Murl','Rath','m','2001-01-23','177'),
('79','Jimmie','Breitenberg','f','2005-07-22','183'),
('80','Ferne','Purdy','m','2005-03-21','183'),
('81','Alec','Anderson','f','1978-03-17','170'),
('82','Elton','Baumbach','f','2013-04-16','172'),
('83','Rene','Nolan','m','1994-03-31','176'),
('84','Maia','Hahn','f','2012-11-25','184'),
('85','Nicholas','Metz','f','1999-03-31','177'),
('86','Ursula','Swaniawski','m','2001-03-02','172'),
('87','Alessia','Kub','m','2001-12-27','177'),
('88','Ebony','Altenwerth','m','1985-02-01','180'),
('89','Terrell','Deckow','m','2004-05-31','173'),
('90','Arch','Mante','f','2008-11-01','174'),
('91','Mylene','Streich','m','1974-08-01','182'),
('92','Carmel','Sawayn','f','1994-06-30','176'),
('93','Danyka','Tromp','m','2006-08-02','178'),
('94','Tanya','Rau','f','2007-03-29','179'),
('95','Eudora','Hodkiewicz','f','2004-02-25','173'),
('96','Jena','Hickle','m','1993-08-22','179'),
('97','Sarai','Miller','f','1993-12-03','178'),
('98','Ewell','Macejkovic','m','1973-01-27','183'),
('99','Omari','Bradtke','m','2013-03-17','175'),
('100','Fatima','Abbott','f','1983-07-19','184'); 


DROP TABLE IF EXISTS `people_who_plays`;
CREATE TABLE `people_who_plays` (
  `films_people_id` bigint(20) unsigned NOT NULL,
  `who_plays_id` bigint(20) unsigned NOT NULL,
  `type_role` enum('main','episode','other') COLLATE utf8_unicode_ci NOT NULL DEFAULT 'other',
  KEY `fk_people_who_plays_films_people_id` (`films_people_id`),
  KEY `fk_people_who_plays_who_plays_id` (`who_plays_id`),
  CONSTRAINT `fk_people_who_plays_films_people_id` FOREIGN KEY (`films_people_id`) REFERENCES `films_people` (`id`) ON DELETE NO ACTION ON UPDATE CASCADE,
  CONSTRAINT `fk_people_who_plays_who_plays_id` FOREIGN KEY (`who_plays_id`) REFERENCES `who_plays` (`id`) ON DELETE NO ACTION ON UPDATE CASCADE
) ENGINE=InnoDB DEFAULT CHARSET=utf8 COLLATE=utf8_unicode_ci COMMENT='Кого играет актер в фильме';

INSERT INTO `people_who_plays` VALUES ('1','1','episode'),
('2','2','other'),
('3','3','episode'),
('4','4','main'),
('5','5','other'),
('6','6','episode'),
('7','7','main'),
('8','8','other'),
('9','9','other'),
('10','10','episode'),
('11','11','episode'),
('12','12','episode'),
('13','13','episode'),
('14','14','episode'),
('15','15','other'),
('16','16','episode'),
('17','17','episode'),
('18','18','other'),
('19','19','other'),
('20','20','episode'),
('21','21','episode'),
('22','22','other'),
('23','23','episode'),
('24','24','episode'),
('25','25','other'),
('26','26','main'),
('27','27','episode'),
('28','28','main'),
('29','29','main'),
('30','30','main'),
('31','31','episode'),
('32','32','main'),
('33','33','other'),
('34','34','other'),
('35','35','other'),
('36','36','other'),
('37','37','main'),
('38','38','episode'),
('39','39','main'),
('40','40','main'),
('41','41','other'),
('42','42','main'),
('43','43','main'),
('44','44','other'),
('45','45','other'),
('46','46','main'),
('47','47','main'),
('48','48','other'),
('49','49','episode'),
('50','50','episode'),
('51','51','episode'),
('52','52','main'),
('53','53','main'),
('54','54','other'),
('55','55','main'),
('56','56','episode'),
('57','57','main'),
('58','58','main'),
('59','59','other'),
('60','60','main'),
('61','61','episode'),
('62','62','episode'),
('63','63','main'),
('64','64','other'),
('65','65','other'),
('66','66','other'),
('67','67','main'),
('68','68','main'),
('69','69','other'),
('70','70','other'),
('71','71','episode'),
('72','72','other'),
('73','73','episode'),
('74','74','main'),
('75','75','main'),
('76','76','main'),
('77','77','other'),
('78','78','main'),
('79','79','episode'),
('80','80','other'),
('81','81','main'),
('82','82','main'),
('83','83','other'),
('84','84','other'),
('85','85','other'),
('86','86','main'),
('87','87','main'),
('88','88','main'),
('89','89','other'),
('90','90','other'),
('91','91','other'),
('92','92','episode'),
('93','93','main'),
('94','94','main'),
('95','95','other'),
('96','96','episode'),
('97','97','episode'),
('98','98','other'),
('99','99','episode'),
('100','100','other'); 


DROP TABLE IF EXISTS `ratings`;
CREATE TABLE `ratings` (
  `id` bigint(20) unsigned NOT NULL AUTO_INCREMENT,
  `film_id` bigint(20) unsigned NOT NULL,
  `user_id` bigint(20) unsigned NOT NULL,
  `rating` int(2) unsigned NOT NULL,
  `created_at` datetime DEFAULT current_timestamp(),
  `updated_at` datetime DEFAULT current_timestamp() ON UPDATE current_timestamp(),
  PRIMARY KEY (`id`),
  KEY `fk_ratings_film_id` (`film_id`),
  KEY `fk_ratings_user_id` (`user_id`),
  CONSTRAINT `fk_ratings_film_id` FOREIGN KEY (`film_id`) REFERENCES `films` (`id`) ON DELETE NO ACTION ON UPDATE CASCADE,
  CONSTRAINT `fk_ratings_user_id` FOREIGN KEY (`user_id`) REFERENCES `users` (`id`) ON DELETE NO ACTION ON UPDATE CASCADE
) ENGINE=InnoDB AUTO_INCREMENT=101 DEFAULT CHARSET=utf8 COLLATE=utf8_unicode_ci COMMENT='Рейтинги пользователей к фильмам';

INSERT INTO `ratings` VALUES ('1','1','1','6','1972-10-25 02:42:19','1998-11-23 10:17:56'),
('2','2','2','5','2013-12-16 00:38:29','1991-11-08 19:56:37'),
('3','3','3','2','1982-10-29 15:05:52','2014-09-09 18:37:30'),
('4','4','4','3','2010-02-20 01:27:13','2013-10-14 07:15:18'),
('5','5','5','8','1992-07-27 18:06:08','2003-06-30 07:07:08'),
('6','6','6','9','1993-10-04 18:15:54','1976-09-05 10:36:07'),
('7','7','7','2','2000-08-28 06:25:45','1994-11-26 02:29:44'),
('8','8','8','8','1983-04-13 13:09:36','1973-06-23 17:39:15'),
('9','9','9','5','2010-12-19 14:53:13','2007-12-10 13:41:35'),
('10','10','10','8','2007-07-20 18:53:06','2009-04-27 15:31:26'),
('11','11','11','10','1982-03-28 08:57:38','1974-10-19 21:33:55'),
('12','12','12','1','2000-12-14 14:18:34','2008-04-16 02:07:03'),
('13','13','13','4','2016-03-17 11:56:26','1985-05-05 04:02:07'),
('14','14','14','5','1999-10-28 23:28:16','1983-12-18 14:45:53'),
('15','15','15','6','1998-09-17 12:42:17','2011-08-14 18:52:21'),
('16','16','16','3','2001-05-11 05:06:34','1970-02-05 17:49:39'),
('17','17','17','0','2013-07-28 20:13:00','2013-03-19 02:09:03'),
('18','18','18','3','1993-06-07 05:19:56','1989-05-21 20:21:16'),
('19','19','19','2','2002-08-03 14:01:40','2000-01-16 18:34:46'),
('20','20','20','4','1972-04-12 07:55:58','2006-12-28 22:46:35'),
('21','21','21','4','1996-02-22 13:19:43','1985-11-28 20:59:47'),
('22','22','22','5','2012-09-03 04:34:01','1987-10-09 12:17:02'),
('23','23','23','10','2012-11-15 03:27:17','1989-05-04 01:07:37'),
('24','24','24','4','2002-02-03 21:21:09','1995-10-20 19:48:13'),
('25','25','25','3','1984-05-14 15:15:50','1990-08-03 12:09:38'),
('26','26','26','2','1998-07-14 05:28:34','2006-06-13 06:11:01'),
('27','27','27','9','2010-01-02 21:32:20','1989-05-02 03:34:44'),
('28','28','28','6','1977-03-13 13:28:19','2008-12-18 23:43:27'),
('29','29','29','2','2016-05-01 08:04:30','1970-01-23 09:24:45'),
('30','30','30','6','1975-01-28 09:46:52','2017-12-19 06:16:08'),
('31','31','31','3','2016-10-06 02:46:48','1995-04-25 22:58:35'),
('32','32','32','1','1984-05-22 02:50:36','1992-02-16 14:09:12'),
('33','33','33','7','2019-09-07 14:45:15','2005-02-02 15:59:12'),
('34','34','34','3','1971-01-04 16:41:59','2019-04-08 04:05:49'),
('35','35','35','9','2005-10-20 05:29:20','1991-10-02 13:07:20'),
('36','36','36','10','2018-03-24 07:00:17','1980-09-24 12:16:35'),
('37','37','37','2','1997-04-25 02:40:05','2010-07-05 22:19:32'),
('38','38','38','3','1985-10-18 18:33:07','2010-10-07 19:12:43'),
('39','39','39','8','1999-05-12 19:54:20','2006-03-15 16:45:03'),
('40','40','40','6','1974-01-12 22:37:49','2015-09-04 08:30:00'),
('41','41','41','1','1997-05-21 15:17:33','2001-01-31 08:15:20'),
('42','42','42','6','1977-05-11 18:33:45','1970-02-06 05:10:19'),
('43','43','43','0','1992-06-28 17:35:12','2016-06-13 13:57:31'),
('44','44','44','1','2011-02-12 14:04:46','1983-10-21 09:57:47'),
('45','45','45','8','1996-11-25 18:40:17','2005-05-09 19:32:20'),
('46','46','46','6','2017-03-29 19:05:48','1975-02-13 03:32:30'),
('47','47','47','7','2007-04-28 23:58:29','1977-06-26 11:31:35'),
('48','48','48','8','1978-04-25 02:56:28','1987-12-09 22:53:53'),
('49','49','49','4','2014-03-27 18:36:39','2018-08-25 05:45:12'),
('50','50','50','4','1993-06-13 21:03:32','2013-03-25 01:36:03'),
('51','51','51','4','2003-08-10 10:13:41','1985-06-15 20:44:31'),
('52','52','52','7','1992-04-25 15:59:52','2013-10-20 13:51:29'),
('53','53','53','5','2010-02-15 18:01:23','1981-10-20 23:30:48'),
('54','54','54','8','2020-04-22 01:37:48','1983-12-05 14:06:00'),
('55','55','55','4','1979-11-15 14:36:38','1988-07-07 07:35:26'),
('56','56','56','5','2002-09-02 09:03:45','1987-11-27 21:17:52'),
('57','57','57','5','1990-04-08 19:25:18','1997-11-08 12:38:04'),
('58','58','58','1','2001-08-22 14:34:58','1994-08-26 02:43:57'),
('59','59','59','1','1981-04-02 05:38:28','2001-05-10 20:26:22'),
('60','60','60','7','1979-12-18 07:29:45','1999-10-30 13:27:25'),
('61','61','61','8','1996-12-17 11:20:22','1994-07-04 07:01:34'),
('62','62','62','5','2015-08-12 18:58:27','2013-05-01 15:05:25'),
('63','63','63','5','2016-08-27 22:34:06','2003-02-02 22:02:05'),
('64','64','64','1','1999-01-14 17:27:19','2002-07-26 05:42:47'),
('65','65','65','5','1984-08-30 06:43:38','1970-06-29 04:57:08'),
('66','66','66','4','2019-11-16 18:03:32','1974-04-30 01:22:17'),
('67','67','67','2','1991-03-14 02:06:42','1972-01-19 13:35:02'),
('68','68','68','0','1994-05-18 06:24:42','1987-03-28 01:03:53'),
('69','69','69','9','1989-02-20 15:01:59','1994-07-25 23:46:26'),
('70','70','70','5','2008-11-18 15:34:17','2007-04-11 08:12:14'),
('71','71','71','7','2011-12-23 01:23:29','2000-03-28 13:00:28'),
('72','72','72','1','1992-08-30 21:57:13','1997-09-10 21:53:08'),
('73','73','73','3','1978-01-13 00:28:29','1973-05-07 14:15:11'),
('74','74','74','4','1986-03-12 17:28:34','2013-02-19 12:54:57'),
('75','75','75','3','1983-01-25 03:16:23','1973-05-29 01:09:49'),
('76','76','76','9','1992-01-31 21:33:36','2000-03-03 18:31:28'),
('77','77','77','1','2010-05-16 09:12:49','1989-11-04 21:17:21'),
('78','78','78','1','1979-11-25 02:49:02','1977-11-06 08:31:22'),
('79','79','79','3','2003-05-19 20:04:01','2009-05-23 03:54:38'),
('80','80','80','7','2002-05-30 22:47:14','1996-10-25 20:01:54'),
('81','81','81','1','1987-08-14 20:10:17','1980-08-14 16:26:55'),
('82','82','82','3','1983-05-21 14:29:56','2015-11-18 06:33:34'),
('83','83','83','9','1975-07-13 14:42:45','2017-09-03 10:42:47'),
('84','84','84','2','2012-03-31 19:48:19','2016-12-11 12:23:57'),
('85','85','85','9','2017-06-27 04:11:42','2006-01-05 12:53:38'),
('86','86','86','9','1978-11-06 03:09:37','2000-03-06 22:56:19'),
('87','87','87','3','2005-10-13 20:08:09','2004-08-13 21:24:10'),
('88','88','88','7','2016-11-20 16:42:44','2018-08-14 17:19:27'),
('89','89','89','10','2013-07-29 15:21:21','2002-05-08 21:56:45'),
('90','90','90','0','1972-01-20 07:38:48','2016-04-10 03:14:40'),
('91','91','91','9','2002-10-26 07:40:44','1983-09-25 09:28:27'),
('92','92','92','9','2003-02-08 01:56:24','1985-05-17 17:28:51'),
('93','93','93','5','1988-01-18 02:32:20','2009-06-30 08:56:01'),
('94','94','94','6','1984-06-13 08:02:44','2019-01-30 15:47:25'),
('95','95','95','6','1978-03-16 06:10:28','2007-11-19 16:11:42'),
('96','96','96','4','2016-05-25 05:53:52','2015-02-21 07:58:12'),
('97','97','97','5','2014-07-14 01:00:12','2015-05-18 05:02:20'),
('98','98','98','10','2009-09-25 14:08:55','2000-08-02 04:15:49'),
('99','99','99','9','1977-10-24 12:39:28','1994-10-21 11:08:52'),
('100','100','100','4','2004-07-03 03:56:01','1975-01-02 21:39:58'); 


DROP TABLE IF EXISTS `reviews`;
CREATE TABLE `reviews` (
  `id` bigint(20) unsigned NOT NULL AUTO_INCREMENT,
  `film_id` bigint(20) unsigned NOT NULL,
  `user_id` bigint(20) unsigned NOT NULL,
  `label` varchar(255) COLLATE utf8_unicode_ci NOT NULL,
  `description` varchar(512) COLLATE utf8_unicode_ci NOT NULL,
  `full_text_file` varchar(255) COLLATE utf8_unicode_ci NOT NULL,
  `rhesus` enum('-','0','+') COLLATE utf8_unicode_ci NOT NULL DEFAULT '0',
  `created_at` datetime DEFAULT current_timestamp(),
  `updated_at` datetime DEFAULT current_timestamp() ON UPDATE current_timestamp(),
  PRIMARY KEY (`id`),
  KEY `fk_reviews_film_id` (`film_id`),
  KEY `fk_reviews_user_id` (`user_id`),
  CONSTRAINT `fk_reviews_film_id` FOREIGN KEY (`film_id`) REFERENCES `films` (`id`) ON DELETE NO ACTION ON UPDATE CASCADE,
  CONSTRAINT `fk_reviews_user_id` FOREIGN KEY (`user_id`) REFERENCES `users` (`id`) ON DELETE NO ACTION ON UPDATE CASCADE
) ENGINE=InnoDB AUTO_INCREMENT=101 DEFAULT CHARSET=utf8 COLLATE=utf8_unicode_ci COMMENT='Обзоры пользователей';

INSERT INTO `reviews` VALUES ('1','1','1','b','Sit omnis laudantium adipisci molestiae quisquam et sed officiis. Delectus eius repellat et tempora harum et. Error ab aut perspiciatis et voluptatum blanditiis voluptate. Deserunt fugiat sint aliquid soluta.','eimw','-','1987-08-10 09:12:14','1981-06-29 09:26:26'),
('2','2','2','c','Ab voluptatem et deserunt itaque quisquam inventore. Fugit autem qui rerum eum et enim. Quia nesciunt qui ut odio. Dolor aut qui nisi sint. Deserunt dolorem delectus necessitatibus et earum expedita deserunt in.','xnzp','+','2011-04-02 06:50:04','1992-01-29 18:11:56'),
('3','3','3','c','Et ea suscipit quis rerum explicabo quidem ipsam. Voluptatibus hic non eum eligendi aut. Totam recusandae fugiat numquam consectetur iusto quam.','pqnb','0','1974-05-26 10:11:58','1974-11-11 14:37:16'),
('4','4','4','a','Animi unde recusandae quo adipisci. Ut error delectus pariatur a. Enim voluptas qui et eum ab quam. Voluptas impedit est eaque dolorem iusto.','huqg','+','1992-08-22 01:56:33','1982-06-30 03:22:17'),
('5','5','5','b','Impedit fuga est asperiores quaerat quod cumque. Ab dolor ut aut accusamus. Vel eum et id explicabo deserunt debitis temporibus minima. Quaerat ut et illo dolore aut.','lclz','-','1983-10-17 07:10:51','1987-05-26 12:36:31'),
('6','6','6','c','Tempora ratione qui ut architecto placeat quo. Modi et quis id voluptatum. Consequatur rerum mollitia voluptatem. Voluptatem officia eius architecto ullam.','oxua','-','2001-05-18 05:12:42','1980-07-15 11:24:10'),
('7','7','7','a','Sint repellendus nihil voluptas. Deserunt eveniet cupiditate velit quam qui. Officiis ea in molestiae. Ratione quia soluta omnis ipsam.','rzes','-','1994-04-26 01:14:38','1984-03-22 01:22:34'),
('8','8','8','c','Dolores suscipit sit et commodi quia dolorem enim. Aliquam laborum praesentium hic natus. Assumenda numquam nobis cumque distinctio quia. Repudiandae reiciendis aut ullam dolores natus quaerat. Soluta dicta maiores quia molestiae.','fqps','+','1990-02-12 21:08:38','1975-11-21 10:30:44'),
('9','9','9','a','Quaerat aperiam explicabo ut eligendi nihil. Laudantium necessitatibus laudantium enim voluptas perspiciatis officia.','cupt','-','1990-08-26 13:59:56','1997-04-26 22:40:45'),
('10','10','10','c','Omnis qui qui quo eum pariatur excepturi. Hic qui officia necessitatibus quod. Animi omnis voluptatem aut autem omnis voluptas.','uvwh','0','2018-01-11 18:04:48','2003-12-12 11:17:03'),
('11','11','11','b','Minima nobis ut veniam quo non est. A delectus architecto excepturi beatae quam veniam cum. Voluptate molestiae et et et.','uwbx','-','2001-04-26 13:23:25','1970-01-18 09:38:56'),
('12','12','12','a','In sint aperiam sed ut sunt ut. Recusandae quis et dicta consequatur et aliquam architecto. Dolores consequatur et ut sunt dignissimos et et aspernatur. Sint ullam velit hic incidunt magnam.','ulbv','-','2000-08-08 15:09:23','1999-05-18 20:38:27'),
('13','13','13','c','Inventore rem ducimus sequi facere qui. Quae dolores aspernatur numquam odio ipsam illum officia.','wuvf','0','2016-01-07 10:35:37','1999-12-08 02:13:17'),
('14','14','14','b','Sed ullam earum enim nihil natus. In aut qui eum est dolores. Voluptas qui perferendis ea et sint omnis nostrum maiores. Mollitia ut nam autem.','qvux','0','2015-06-22 22:04:25','1994-08-12 17:57:17'),
('15','15','15','b','Nobis in nobis consequatur qui. Minima vitae corporis tempora magni blanditiis unde. Explicabo impedit nesciunt ut omnis voluptatem.','chxt','0','1976-07-18 11:04:19','1971-03-03 11:32:40'),
('16','16','16','b','Ut sed aut nihil reprehenderit. Perspiciatis omnis nesciunt ipsa sunt quam illo. Dolores vero ut rerum maxime praesentium aliquid.','wtsr','-','2010-01-07 05:25:34','1995-08-04 18:18:41'),
('17','17','17','a','Et sed mollitia minima error assumenda ea. Rerum explicabo vero accusantium est blanditiis hic error. Porro quis facilis autem sequi itaque soluta.','hvsb','-','1996-12-26 10:19:42','1973-09-22 13:16:43'),
('18','18','18','c','Cupiditate nemo ea et et cupiditate iusto eaque. Sed excepturi voluptas quis. Ut distinctio doloremque dolorem nihil similique ratione. Harum nulla excepturi laborum exercitationem ut dolores eos.','spiw','0','1992-08-14 19:13:45','1999-04-28 16:02:57'),
('19','19','19','a','Iure voluptatem quo dolores itaque. Asperiores modi dicta cupiditate eveniet vitae exercitationem. Delectus delectus expedita dolorum saepe impedit in.','wjbf','0','1983-05-17 15:52:05','1985-07-25 22:04:20'),
('20','20','20','c','Debitis est possimus vero quis inventore qui architecto. Ducimus blanditiis aut sapiente. Maxime odit et quia ab reprehenderit quam ratione.','nsxo','-','1978-09-06 23:01:59','2007-12-08 08:41:27'),
('21','21','21','a','Aspernatur ratione odio consequatur excepturi pariatur. Ducimus eius eum laboriosam quia asperiores. Nemo deserunt ullam aut rerum asperiores. Deleniti perferendis fuga quia rem omnis. Sed similique laudantium omnis qui qui non.','iiao','0','2012-04-26 11:52:08','2015-01-20 19:39:44'),
('22','22','22','a','Quis fuga aperiam minus officiis natus vero repudiandae voluptatibus. Architecto est officia et cum aliquid. Accusamus porro molestiae et sint praesentium.','xdqm','-','2010-07-29 10:22:01','2003-04-07 07:57:27'),
('23','23','23','a','Assumenda incidunt voluptas dolorem earum. Qui alias nihil facilis nulla eum. Ad voluptatibus illum ab exercitationem ab quisquam est. Sit illum aut ut qui aut.','birv','0','1983-12-31 12:54:38','1999-11-05 02:57:31'),
('24','24','24','b','Consequatur aut ea quia non accusamus tempora sequi. Accusamus exercitationem sit esse eaque qui aspernatur officia consequatur. Ut reprehenderit ex consequuntur quia laboriosam blanditiis. Dolor dolor quaerat tempore rerum saepe corporis assumenda.','bpyw','-','2017-05-30 13:15:25','1996-02-16 05:45:40'),
('25','25','25','c','Est dolorem assumenda rerum sed consectetur voluptatum maiores. Porro voluptatem maxime quae doloremque. Ut ut harum quas et dignissimos eum.','rfkj','+','2015-09-29 06:11:45','1979-06-02 00:44:04'),
('26','26','26','b','Et earum aliquam reiciendis omnis sint impedit. Aut omnis et non illum est tempora autem. Laborum sit atque ab. Aut saepe rerum provident voluptas qui beatae.','zpeq','-','2002-08-25 00:33:57','1995-11-18 06:32:27'),
('27','27','27','a','Porro sed harum et facilis omnis. Labore aut ullam voluptatum rem. Quaerat est similique aut magnam rem. Velit aut eveniet vel dolore possimus dolores.','xops','+','2009-03-14 08:17:11','1985-03-09 12:47:19'),
('28','28','28','a','Id sint minus quisquam id illum ut. Doloribus et eveniet quasi nihil sed quo. Ex perferendis voluptatibus et dolorem quibusdam dolor et sed.','jtom','-','2006-07-27 19:08:36','2009-04-17 08:50:24'),
('29','29','29','a','Pariatur non earum voluptate aut. Amet sed nihil officia accusamus cupiditate et inventore sint.','qqkc','-','2014-08-04 10:10:51','1978-02-05 10:32:04'),
('30','30','30','c','Error dolor sint sit vero cupiditate sed suscipit. In ex facilis sequi soluta eius quos. Optio repudiandae modi odio est est ut repellendus.','gxhm','-','2015-11-05 05:03:59','1985-05-25 21:53:36'),
('31','31','31','a','Quas porro corporis nam minima delectus blanditiis repudiandae. Consectetur ratione omnis odit impedit reprehenderit in et. Omnis est sit delectus consequatur. Modi pariatur aperiam qui qui earum. Non velit non maiores iste voluptatum.','slan','0','1981-10-05 01:34:07','1988-03-29 13:27:55'),
('32','32','32','c','Rerum odio molestias aut. Qui rerum autem quo consequatur a. Corporis quia rerum sunt sint sunt vel. Est ea incidunt a temporibus eaque consequatur.','qwkb','+','1982-05-15 17:07:38','1997-07-14 04:14:21'),
('33','33','33','c','Sequi qui illum inventore sed sint qui dolores. Ut adipisci nemo natus nam numquam eius voluptas. Omnis illum accusamus et eum provident possimus et qui. Suscipit sed laborum est omnis.','ilwl','-','1971-06-24 19:15:26','1988-01-04 04:49:15'),
('34','34','34','a','Et nesciunt consequatur eum sit incidunt officiis reprehenderit. Perferendis pariatur asperiores eaque quod magnam laborum. Sit voluptatem itaque deleniti autem.','wwyu','0','1975-05-14 08:20:59','2007-10-28 06:41:33'),
('35','35','35','b','Sit sed laborum fuga quidem rerum voluptatem. Repellendus sed ullam corporis doloribus voluptatem consectetur alias tempore. Ea nobis quod et et aspernatur molestias. Provident quia et animi.','whqf','0','2006-04-09 20:53:57','1980-12-26 06:03:51'),
('36','36','36','c','Aliquid suscipit qui cumque officiis minima molestiae voluptas. Reprehenderit quo ipsa eos et sit aliquam exercitationem. Eligendi consequatur animi laudantium omnis est.','tgar','0','2000-05-07 18:06:32','2013-10-01 21:53:03'),
('37','37','37','c','Ab qui veniam molestias et. Porro animi quisquam quas molestiae cumque ab vel expedita. Tempore et molestiae dignissimos et sed aut.','jiks','-','1997-03-30 07:50:10','2013-08-30 21:02:01'),
('38','38','38','c','Quia reiciendis deserunt veniam. Omnis tempora adipisci ut voluptatem iure quia reprehenderit. Amet ut sit sit sunt.','fvew','+','1984-03-02 08:31:30','1992-07-27 10:50:47'),
('39','39','39','c','Quod nobis totam a autem. Et eligendi exercitationem numquam quod ipsum ut iste expedita. Nostrum explicabo cumque accusantium labore consequuntur repellendus nulla. Dolores accusamus doloribus cumque perferendis est. Assumenda autem non officiis eaque aut tenetur atque.','dydh','0','2004-06-28 05:30:43','1972-06-26 16:39:32'),
('40','40','40','a','Nulla atque iste dolores rerum incidunt ipsa sit. Voluptatum ipsam sint autem necessitatibus corporis. Architecto doloribus dolorem molestiae eveniet cum et.','xfam','0','2010-08-13 12:31:44','1980-12-07 07:26:23'),
('41','41','41','b','Magnam et distinctio repudiandae ea est. Odit unde et vel impedit maxime et. Voluptates quas ut ut. Facere quae consequatur voluptas dolore et voluptatibus adipisci eveniet.','zxbl','0','2013-08-28 19:09:52','2003-05-05 00:20:33'),
('42','42','42','a','Ab sequi adipisci ullam fugiat. Eos animi culpa odio voluptatibus. Ratione ea fugit minus quis assumenda fuga non. Temporibus aut dolor at omnis.','lahs','0','1999-11-29 16:53:49','2018-01-16 10:02:34'),
('43','43','43','a','Consectetur velit dolorum et ut iusto voluptatem et voluptatem. Quo eaque et deleniti. Magnam recusandae architecto et quidem magnam deleniti porro. Expedita ut labore vel quisquam corporis a perspiciatis.','kiqu','0','2001-10-16 13:31:26','2005-07-02 20:00:56'),
('44','44','44','a','Quis maiores qui deleniti et et. Explicabo deleniti id quam dolores ea earum quis. Odit praesentium repellendus voluptatibus omnis repellendus. Architecto maxime aut veniam cum incidunt perspiciatis enim.','enmd','0','2018-04-18 11:25:54','1980-10-07 16:16:31'),
('45','45','45','c','Sint et voluptatem tempore non aliquid. Molestias id est aut quos similique sint facilis. Harum neque fuga magnam natus nulla qui.','wtmu','+','2015-05-15 02:32:33','1970-09-09 07:38:06'),
('46','46','46','c','Explicabo qui quo inventore enim occaecati facere. Similique velit ut beatae consequuntur perspiciatis corrupti nemo. Aperiam mollitia id architecto voluptas voluptatibus omnis autem. Tempore omnis assumenda quis odio odit.','ysoj','-','1986-07-26 23:46:40','2013-05-16 23:34:23'),
('47','47','47','b','A ut doloribus est tenetur et exercitationem impedit. Et ut assumenda aut adipisci dolores rerum rem. Et asperiores quia nihil est rem.','yzdl','0','1981-08-25 15:49:49','1971-11-09 03:13:01'),
('48','48','48','b','Excepturi dolores a et repudiandae ut aliquid. Aut maxime aperiam est quo cum nam delectus. Nisi et qui veritatis laudantium in nihil fuga. Fugiat velit repellat dolorem nemo.','wblo','-','1983-12-06 10:47:12','1997-07-27 19:22:36'),
('49','49','49','a','Neque quos iure eos ut modi mollitia sapiente nihil. Et dolor et nam omnis et. Magnam perferendis alias natus sunt quia corporis ut.','mekt','-','2016-10-06 23:06:48','1997-12-25 16:14:29'),
('50','50','50','c','Occaecati doloremque tenetur voluptatum iste. Sed impedit qui accusamus eum veniam. Illum aspernatur nisi dolores porro maiores. Mollitia atque aperiam sequi totam similique qui.','glqw','0','2005-09-11 18:15:41','2018-04-23 20:58:54'),
('51','51','51','c','Qui non sint error dolorem rerum. Et sint natus voluptatibus enim aut debitis ut. Nostrum omnis itaque quia cupiditate quia delectus.','azog','+','2010-11-27 18:27:39','2019-02-26 20:48:21'),
('52','52','52','c','Aut labore officiis rem dolores cumque rem. Exercitationem cupiditate quia aut non magni. Porro aliquam repellendus ea. Quisquam consequuntur sed consequuntur similique est aperiam.','msam','-','1990-07-31 10:28:15','1999-03-15 21:02:28'),
('53','53','53','a','Sint qui dolorum enim dolor. Quia dolor ab eaque officiis deserunt reprehenderit. Omnis et vel itaque a magnam et. Dolorem aut consequatur nulla architecto velit.','mihz','0','1978-12-17 02:06:38','2018-03-18 06:16:50'),
('54','54','54','c','Ad iusto temporibus perferendis et ducimus consequatur. Consequatur doloribus tempora inventore consequatur eligendi. Dolor aut et temporibus officiis ea.','qvxb','-','1981-06-25 02:33:45','1998-02-12 16:10:53'),
('55','55','55','c','Eligendi et vitae quia minima. Consequatur sunt consectetur molestias omnis mollitia. Sequi similique et occaecati ut corporis atque fuga. Perspiciatis architecto enim non magni similique qui.','ddzu','+','1994-08-04 04:25:14','2003-07-05 02:52:31'),
('56','56','56','b','Vel mollitia illum repellat perferendis vitae veritatis. Corporis error ut corrupti repellat autem dolor. Id quisquam quod aut eum eum voluptas. Dicta itaque saepe quo ut.','tuhf','+','2004-03-19 22:15:55','2017-10-09 01:16:52'),
('57','57','57','c','Et nesciunt sit laboriosam distinctio ipsam facilis mollitia quaerat. Dolorem nemo commodi et laborum est consequatur. Officiis dolorem sit fugiat ut libero. Voluptatem sed eaque porro sapiente.','vque','-','1980-11-30 21:57:50','1984-11-17 00:32:02'),
('58','58','58','b','Autem blanditiis sed vitae autem asperiores aut. Non ut perferendis quam quasi. Velit esse dicta accusantium qui culpa debitis harum.','qdrf','0','1977-12-22 22:38:10','2016-05-10 17:38:54'),
('59','59','59','c','Harum exercitationem ipsam delectus nesciunt quis. Id repudiandae ea occaecati placeat nihil minima dolorem.','zkhr','+','1973-02-01 19:51:55','2016-08-02 23:14:08'),
('60','60','60','b','Occaecati facilis et molestiae quae neque sequi sapiente. Aspernatur non ab laboriosam eos et iste ut quia. Ipsum doloribus voluptatem ipsa eum. Temporibus quia provident labore voluptatibus quia.','etzz','-','2003-11-06 12:37:59','2014-08-08 11:19:49'),
('61','61','61','c','Ut dolores ab rerum dolore aut ut harum. Et sapiente molestiae ipsam sed.','jhjq','-','1973-12-25 21:58:07','2006-09-21 10:34:27'),
('62','62','62','b','Natus repellat nemo eius quidem tempora dolores consequuntur. Magnam sequi minima aut atque facere. Iusto blanditiis esse facilis voluptates reprehenderit ratione facilis. Necessitatibus optio facere mollitia nihil qui inventore.','xnvn','0','1979-11-19 01:09:49','2009-05-24 16:23:54'),
('63','63','63','b','Ducimus quia excepturi earum. Delectus aspernatur qui consectetur. Iste saepe veniam rerum dolores sit a.','ziie','+','2004-12-24 03:11:46','1998-10-19 04:41:33'),
('64','64','64','c','Voluptatibus veritatis consequatur sed veritatis. Ducimus et qui laborum dolore sunt dicta sint sit. Vel similique magnam eius molestiae dolor.','bumq','+','2014-09-16 04:43:16','1987-03-06 04:06:30'),
('65','65','65','c','Repellendus suscipit vel explicabo placeat. Voluptatem qui ea et vel harum fugiat qui. Occaecati natus corrupti ex et adipisci.','oenw','-','1984-11-25 14:11:21','2016-04-21 18:13:02'),
('66','66','66','c','Quas ut nulla fuga atque aspernatur excepturi. Doloribus qui at tempora quo enim repellat ab. Omnis voluptas earum nulla perferendis mollitia expedita.','cift','-','2005-03-19 09:55:03','2005-06-07 13:13:12'),
('67','67','67','a','Aperiam quo sunt at voluptas cum quia exercitationem. Sed quasi recusandae at iste minus excepturi quae. Sint aliquid quo omnis animi a. Maiores consequatur enim soluta vel.','kmlz','+','2004-09-01 15:36:43','1995-01-03 21:25:22'),
('68','68','68','c','A quia ut omnis vel molestiae labore. Accusantium maxime ab soluta dolorem consequatur autem praesentium nisi. Qui omnis doloribus ut consectetur itaque quia.','qjum','+','2018-01-21 13:13:18','1971-01-10 23:32:07'),
('69','69','69','b','Debitis aut quia eum officiis. Quis ut quia qui vel. Sint optio ratione nostrum facilis ut fuga asperiores.','ewql','+','1993-09-02 16:20:08','1993-04-16 09:38:04'),
('70','70','70','c','Sed aliquam eligendi pariatur nisi velit earum accusamus. Explicabo doloribus aut ut illo quasi inventore officia. Sint odit doloremque porro quis aut. Aliquid nesciunt possimus rerum quasi rerum delectus expedita.','zltp','-','1985-02-15 15:51:30','1982-05-30 14:34:25'),
('71','71','71','b','Ea beatae sint architecto impedit tempore deserunt et. Officia vero est corrupti eveniet iure et beatae. Asperiores sunt ex ducimus et deserunt. Delectus velit ut qui exercitationem est pariatur minima maxime.','rvsi','-','1999-01-14 03:10:40','1982-08-18 20:11:10'),
('72','72','72','c','Architecto laudantium aperiam quia animi. Fugit saepe laboriosam culpa perspiciatis repellendus. Dignissimos sapiente in corporis doloremque placeat fugiat. Et similique cum laborum beatae omnis earum.','aenl','-','2003-12-16 13:58:06','2012-09-11 17:26:54'),
('73','73','73','b','Voluptatum dignissimos corporis dolores ab quam et. Officiis recusandae voluptas veritatis et natus ut suscipit.','wnxb','+','1979-03-31 12:56:24','1996-01-24 07:05:55'),
('74','74','74','b','Impedit quo et soluta dolorum voluptatibus eius. Aut sapiente et veniam aut et harum sint. Pariatur expedita asperiores voluptas nesciunt explicabo animi. Et delectus assumenda recusandae error ipsum amet illum voluptatum. Ex accusantium ea quia voluptatum qui maiores.','ldjg','-','1984-12-11 04:40:44','2008-12-19 06:41:34'),
('75','75','75','b','Aliquam natus dolorem vero earum. Sequi accusantium sit id nemo culpa velit vitae. Ratione optio ea iste ut et deserunt itaque. Quis atque esse non similique.','pstt','+','2004-09-27 15:01:33','1978-06-27 21:10:42'),
('76','76','76','c','Iure aut rerum doloremque vitae nesciunt qui quis. Doloremque voluptas optio accusantium reiciendis ut animi et. Sapiente quaerat cupiditate facilis ea accusamus in.','omsm','0','1994-11-09 17:15:44','1989-12-27 01:49:35'),
('77','77','77','c','Aliquam consectetur rerum tempora delectus voluptatum. Unde voluptatum optio quibusdam sequi quidem. Porro animi tempore quidem ut. Nemo consectetur eaque rem esse.','rwet','-','1988-04-13 01:48:34','1980-11-13 07:24:59'),
('78','78','78','c','Id sint provident id repudiandae sed et et tenetur. Sint commodi fugit dolorem quasi nemo dolor.','pqqu','+','1985-01-02 18:07:59','1992-06-21 07:50:23'),
('79','79','79','a','Ducimus molestiae molestiae rerum voluptatem autem nostrum magnam. Et cumque natus vel ipsam. Ea eaque at nihil. Voluptate sapiente a voluptatem dolore.','ddhx','0','2020-01-13 15:14:15','2009-10-06 20:43:32'),
('80','80','80','a','Aut tempore non at et id nemo. Amet veritatis exercitationem sunt voluptatem. Quia commodi animi non exercitationem.','vnsz','-','1985-11-07 05:47:04','1976-12-11 23:18:36'),
('81','81','81','c','Sit quasi amet fuga dolores at at. Soluta nemo iure reprehenderit rem voluptatem porro. Facilis amet tempore rerum qui.','fwuw','+','1986-10-30 23:13:33','1995-10-11 20:36:29'),
('82','82','82','c','Aspernatur exercitationem sit saepe aperiam. Officiis commodi id qui qui et expedita alias. Expedita et aperiam ipsum esse enim vero. Quia vitae hic cumque corrupti quia reprehenderit.','khpv','+','1977-09-04 22:26:12','2005-01-24 00:29:07'),
('83','83','83','c','Sunt ipsa sed molestiae aut. Est ipsum rem recusandae neque fugiat atque reiciendis quos. Quo et qui id aut natus non ipsam quidem. Occaecati nam pariatur dolorum est hic.','hznp','+','1997-10-10 07:22:18','1977-12-31 02:01:22'),
('84','84','84','c','Est commodi est rem velit odit. Nostrum dignissimos et rerum omnis enim. Cupiditate deserunt qui eaque maxime dolorem.','buem','0','1997-05-24 04:06:43','1972-11-29 15:01:35'),
('85','85','85','a','Sed tenetur aperiam ad dicta voluptatem cupiditate omnis. Minus aliquam quae quidem minima.','dvaf','+','1993-11-13 02:51:04','2012-04-19 16:56:10'),
('86','86','86','c','Odit reprehenderit saepe harum itaque. Molestiae ipsa maiores officiis corporis et ratione.','ebwi','-','1974-07-18 06:11:40','1987-11-27 05:39:24'),
('87','87','87','a','Eos quia quia ut corporis repellat tenetur aut. Officia ut corrupti rerum omnis. Voluptatem quaerat sit quisquam est ipsam ab possimus.','wjgw','+','2014-12-28 19:30:37','1978-06-24 18:20:24'),
('88','88','88','a','Libero deserunt ducimus voluptas sed atque saepe inventore cumque. Sit eveniet praesentium natus et et voluptate dolorem consequatur. Ut cumque et at et qui ut culpa. Sunt tempore doloribus voluptas harum vel.','vovs','-','1974-07-19 01:44:44','1989-01-22 08:35:47'),
('89','89','89','b','Architecto est accusantium tempora eligendi quam. Perspiciatis est nobis eos et dolorem. Sint quod consequatur quod a sunt dolorem eos.','ruhf','+','1976-08-17 11:40:14','1993-10-11 09:20:17'),
('90','90','90','c','Ut ullam eum quasi maxime vel fuga rerum. Cumque repellat occaecati harum ratione iusto. Ad eveniet dolor ex quia.','ugvo','-','1981-12-15 04:12:14','1987-06-11 05:03:13'),
('91','91','91','c','Odio est ipsum voluptatem eum. Saepe ipsa iure culpa et fugiat eos dolorem aliquid. Nobis qui et corporis blanditiis aperiam velit. At neque aliquid explicabo neque doloribus maxime eaque.','gyrz','-','1977-09-08 23:14:37','2000-10-02 04:19:04'),
('92','92','92','b','Quaerat iure exercitationem ea sit nostrum modi impedit. Exercitationem qui ut hic magnam facilis. Sunt dolorem qui quasi cupiditate tenetur officia omnis expedita. Repellat perferendis atque reiciendis consequatur rerum consequatur. Doloremque eius perspiciatis laudantium ea ea quibusdam.','cmcv','0','2015-08-28 06:24:12','2008-07-17 21:23:11'),
('93','93','93','a','Commodi tempora quas et nostrum animi. Pariatur ut harum vitae qui.','ephl','-','1971-07-12 09:10:38','2018-07-04 04:06:23'),
('94','94','94','c','Alias incidunt dolor quia nam deleniti nihil. Non cupiditate eos cupiditate. Est placeat animi atque molestiae in. Ut sunt quo nesciunt architecto rerum repellendus adipisci.','wpki','-','2003-06-11 20:18:40','1985-09-10 08:42:29'),
('95','95','95','b','Aut odit ipsa eos sit. Eum ut facere sunt odio molestiae aliquid reiciendis. Veniam dolorem rerum quasi dicta. Quidem quis cumque quis. Non consectetur magnam reprehenderit quibusdam reprehenderit.','zmjl','-','2002-05-17 08:07:58','2006-06-25 10:51:49'),
('96','96','96','b','Harum eveniet et consequatur et nisi perspiciatis. Tempora rerum blanditiis ut. Minus quis modi maiores vel dicta iure. Sit vitae reprehenderit sapiente laborum nostrum impedit. Est consequatur a sapiente ab eos beatae minima.','hjmy','+','2013-07-07 01:32:16','1976-06-06 12:40:52'),
('97','97','97','c','Similique nisi voluptas vel impedit. Odio beatae velit quaerat voluptates et veniam quasi. Quia qui dolor maiores cumque provident.','kldt','0','1982-07-05 09:50:05','2016-08-25 10:44:34'),
('98','98','98','b','Aspernatur dolor officia autem officia voluptate et sit et. Dolorem magni itaque quos voluptates similique sint omnis maxime. Nemo laborum rerum sint qui. Eum voluptatem perferendis modi alias qui cum velit.','agus','-','2018-04-16 01:51:13','1980-11-07 22:04:57'),
('99','99','99','b','Ut nihil iure est. Qui possimus molestiae quam eos. Reiciendis aut quidem veniam accusamus aut repudiandae ducimus.','ubot','+','1984-09-01 13:19:49','1989-04-23 05:21:51'),
('100','100','100','b','Molestiae aut ut quas eaque voluptatum. Sed quae iusto magnam itaque et. Explicabo et ipsa voluptas enim aperiam ea rerum. Autem quidem sit asperiores magni qui et quia.','zsym','0','1999-02-11 16:40:45','2005-03-02 07:04:59'); 


DROP TABLE IF EXISTS `roles`;
CREATE TABLE `roles` (
  `id` bigint(20) unsigned NOT NULL AUTO_INCREMENT,
  `name` varchar(255) COLLATE utf8_unicode_ci NOT NULL,
  PRIMARY KEY (`id`)
) ENGINE=InnoDB AUTO_INCREMENT=101 DEFAULT CHARSET=utf8 COLLATE=utf8_unicode_ci COMMENT='Роли людей';

INSERT INTO `roles` VALUES ('1','Художник'),
('2','Актер'),
('3','Режиссер'),
('4','Актер дубляжа'),
('5','Актер'),
('6','Монтажер'),
('7','Продюсер'),
('8','Оператор'),
('9','Актер дубляжа'),
('10','Актер'),
('11','Оператор'),
('12','Художник'),
('13','Актер дубляжа'),
('14','Монтажер'),
('15','Продюсер'),
('16','Композитор'),
('17','Сценарист'),
('18','Актер'),
('19','Художник'),
('20','Актер'),
('21','Художник'),
('22','Продюсер'),
('23','Актер'),
('24','Режиссер'),
('25','Оператор'),
('26','Актер'),
('27','Актер'),
('28','Продюсер'),
('29','Сценарист'),
('30','Режиссер'),
('31','Художник'),
('32','Актер'),
('33','Монтажер'),
('34','Актер дубляжа'),
('35','Композитор'),
('36','Оператор'),
('37','Продюсер'),
('38','Продюсер'),
('39','Режиссер'),
('40','Художник'),
('41','Композитор'),
('42','Композитор'),
('43','Актер дубляжа'),
('44','Художник'),
('45','Художник'),
('46','Режиссер'),
('47','Сценарист'),
('48','Монтажер'),
('49','Режиссер'),
('50','Режиссер'),
('51','Оператор'),
('52','Режиссер'),
('53','Актер'),
('54','Композитор'),
('55','Монтажер'),
('56','Режиссер'),
('57','Художник'),
('58','Продюсер'),
('59','Актер дубляжа'),
('60','Художник'),
('61','Монтажер'),
('62','Продюсер'),
('63','Актер дубляжа'),
('64','Актер'),
('65','Сценарист'),
('66','Художник'),
('67','Сценарист'),
('68','Актер дубляжа'),
('69','Продюсер'),
('70','Композитор'),
('71','Актер дубляжа'),
('72','Продюсер'),
('73','Сценарист'),
('74','Актер'),
('75','Художник'),
('76','Режиссер'),
('77','Режиссер'),
('78','Монтажер'),
('79','Сценарист'),
('80','Композитор'),
('81','Оператор'),
('82','Актер'),
('83','Оператор'),
('84','Композитор'),
('85','Режиссер'),
('86','Режиссер'),
('87','Монтажер'),
('88','Монтажер'),
('89','Актер'),
('90','Оператор'),
('91','Продюсер'),
('92','Монтажер'),
('93','Актер дубляжа'),
('94','Актер дубляжа'),
('95','Актер дубляжа'),
('96','Актер'),
('97','Оператор'),
('98','Сценарист'),
('99','Оператор'),
('100','Композитор'); 


DROP TABLE IF EXISTS `users`;
CREATE TABLE `users` (
  `id` bigint(20) unsigned NOT NULL AUTO_INCREMENT,
  `firstname` varchar(100) COLLATE utf8_unicode_ci NOT NULL,
  `lastname` varchar(100) COLLATE utf8_unicode_ci NOT NULL,
  `gender` char(1) COLLATE utf8_unicode_ci DEFAULT NULL,
  `birthday` date NOT NULL,
  `email` varchar(120) COLLATE utf8_unicode_ci DEFAULT NULL,
  `hometown` varchar(100) COLLATE utf8_unicode_ci DEFAULT NULL,
  `created_at` datetime DEFAULT current_timestamp(),
  PRIMARY KEY (`id`),
  UNIQUE KEY `email` (`email`)
) ENGINE=InnoDB AUTO_INCREMENT=101 DEFAULT CHARSET=utf8 COLLATE=utf8_unicode_ci COMMENT='Пользователи';

INSERT INTO `users` VALUES ('1','Holly','Lindgren','m','1999-08-02','altenwerth.brielle@example.net',' Kiev','1979-04-11 17:30:55'),
('2','Mark','Hagenes','m','2003-01-15','adella52@example.com',' London','1985-06-30 22:58:36'),
('3','Jaylon','Lind','m','2017-11-20','emelie55@example.com','Kirov','1987-06-08 21:40:16'),
('4','Dagmar','Gutmann','f','1974-05-16','darby.schaden@example.com',' Moscow','1979-01-14 21:41:02'),
('5','Henri','Price','m','2008-03-29','ciara32@example.net',' N.Novgorod','1995-05-24 02:58:51'),
('6','Waino','Connelly','m','2014-06-05','kurtis29@example.net',' N.Novgorod','1979-04-24 22:44:19'),
('7','Harry','Carter','m','1989-05-02','quincy03@example.com',' London','2009-05-12 05:08:10'),
('8','Lola','Kessler','m','2006-11-14','rjohns@example.org',' N.Novgorod','2008-01-14 01:51:14'),
('9','Rafael','Stark','f','1991-03-04','larkin.wade@example.org','Kirov','1997-11-15 16:37:17'),
('10','Haylee','Krajcik','f','2016-12-28','otorphy@example.org',' Kiev','1989-09-09 10:56:12'),
('11','Kirsten','Dooley','f','2004-09-02','rossie.heller@example.net',' London','2012-02-14 04:52:05'),
('12','Magnus','Pfannerstill','f','1972-11-22','lea41@example.net',' Kiev','1974-10-21 22:34:18'),
('13','Austen','Pouros','f','1980-10-01','wilber48@example.net','Kirov','2007-01-21 12:26:29'),
('14','Mckenna','Durgan','m','2002-12-04','deron.bartell@example.org','Kirov','1976-12-05 12:52:55'),
('15','Milo','McCullough','f','1999-07-31','tyson08@example.com',' N.Novgorod','1977-11-30 03:42:18'),
('16','Liza','Beatty','f','2015-10-29','mertie81@example.com',' London','1995-10-26 07:56:14'),
('17','Camylle','Doyle','f','1979-03-17','scot38@example.net','Kirov','1978-04-12 02:36:30'),
('18','Tony','Bogisich','m','1979-04-12','towne.unique@example.com',' Kiev','2013-01-31 06:48:15'),
('19','Brown','Satterfield','f','1988-07-09','shayne24@example.org','Kirov','1987-10-21 21:33:23'),
('20','Murray','Goyette','m','1974-08-03','asa.cummerata@example.com','Kirov','2008-02-17 22:32:57'),
('21','Keegan','Kassulke','m','2012-11-28','roslyn.greenholt@example.com',' Moscow','1978-08-30 12:00:32'),
('22','Margarett','Hegmann','m','1990-02-01','elta58@example.net','Kirov','2014-09-04 23:20:28'),
('23','Fredy','Stehr','m','1978-01-29','walker.fadel@example.com',' N.Novgorod','1988-11-10 21:54:39'),
('24','Malika','Hagenes','f','1992-01-18','wyman.oda@example.org',' London','1996-07-13 07:49:40'),
('25','Ethel','Rice','m','2008-06-11','ernie13@example.net',' London','2008-07-10 21:49:28'),
('26','Juliet','Lynch','m','1991-09-24','kertzmann.madalyn@example.org',' Kiev','2018-04-05 03:34:00'),
('27','Edgardo','Schmeler','m','1981-05-07','josefa34@example.com',' N.Novgorod','2003-06-24 19:11:59'),
('28','Jerrold','Frami','m','1979-01-06','santino09@example.org',' London','1992-08-06 17:17:57'),
('29','Elouise','Hintz','m','2009-04-27','o\'reilly.ottilie@example.com',' Kiev','1980-01-12 08:20:02'),
('30','Leone','Abshire','m','1978-03-23','lavonne.spinka@example.com',' N.Novgorod','2001-01-27 20:40:51'),
('31','Shaina','Kunde','f','2007-01-14','laurianne45@example.net',' Kiev','1970-10-17 15:34:04'),
('32','Isidro','Schowalter','m','2014-11-19','cremin.myriam@example.com','Kirov','1996-10-26 13:27:30'),
('33','Pansy','Abernathy','m','1999-10-02','goyette.vicky@example.net','Kirov','2014-12-17 21:09:25'),
('34','Yessenia','Pollich','m','2012-04-03','ritchie.kathleen@example.org',' N.Novgorod','2013-09-11 21:43:03'),
('35','Kelsie','McCullough','f','1988-11-30','borer.trace@example.org',' Kiev','1980-02-03 15:53:00'),
('36','Amara','Hagenes','m','1975-04-14','asipes@example.net',' Moscow','2001-11-21 23:48:37'),
('37','Leilani','Eichmann','m','1987-11-18','bella.d\'amore@example.net',' N.Novgorod','1992-01-04 08:58:03'),
('38','Jovan','Bahringer','m','1991-12-09','buckridge.earlene@example.net',' Moscow','2009-09-27 11:06:27'),
('39','Bell','Goodwin','f','2016-09-14','lora.dubuque@example.org','Kirov','2016-12-22 18:32:56'),
('40','Rafael','Hackett','f','2014-04-27','morissette.horacio@example.com','Kirov','1976-03-01 23:18:43'),
('41','Emilie','Hilpert','f','2013-06-20','fwisoky@example.net','Kirov','2002-08-02 18:31:48'),
('42','Aurelia','Fahey','m','2012-09-14','gisselle.hagenes@example.net',' Moscow','2019-12-16 06:26:49'),
('43','Darren','Klein','m','2002-07-25','sjacobs@example.net',' London','2011-09-21 01:32:56'),
('44','Lola','Rohan','f','1999-01-28','ofelia.abbott@example.net',' N.Novgorod','1982-05-24 11:04:18'),
('45','Darryl','Mante','f','1971-05-01','otha.rolfson@example.net','Kirov','1994-02-26 22:10:31'),
('46','Hudson','Kuhic','f','1985-11-06','mateo.kilback@example.org',' N.Novgorod','1994-06-16 12:22:55'),
('47','Amelie','Hermann','f','2008-05-20','hills.jerad@example.org',' Kiev','1990-08-11 17:17:26'),
('48','Weston','Mayert','f','1987-01-27','kianna.mueller@example.com',' N.Novgorod','2020-02-19 06:22:49'),
('49','Greg','Boyle','m','2016-07-13','dach.myrl@example.org',' Moscow','1982-11-29 15:58:22'),
('50','Emiliano','Langosh','m','2003-06-07','preston72@example.net','Kirov','2014-05-31 18:39:54'),
('51','Jordane','Greenholt','f','1994-12-22','iledner@example.net',' Moscow','1982-10-13 09:15:42'),
('52','Ethyl','Hamill','f','2000-12-18','aniya.bins@example.com',' London','1986-12-24 13:24:02'),
('53','Zena','Douglas','f','2006-05-01','jmosciski@example.net',' N.Novgorod','1989-04-22 01:01:30'),
('54','Emery','Beer','m','2016-06-29','anderson.luna@example.com',' Moscow','1995-01-06 15:46:04'),
('55','Oren','Terry','f','1972-08-15','destini.paucek@example.org',' Moscow','2001-04-09 11:12:14'),
('56','Jesus','Mohr','f','2004-09-10','zachery39@example.org','Kirov','2005-03-12 11:50:50'),
('57','Abelardo','Spencer','m','2004-04-24','mellie24@example.com',' Moscow','1992-04-09 05:28:52'),
('58','Oswaldo','Hartmann','f','2012-11-25','spowlowski@example.com',' N.Novgorod','1999-08-19 23:31:17'),
('59','Geovanni','Jacobi','m','1976-04-02','rebekah.kuhic@example.org',' Moscow','1999-05-05 14:54:24'),
('60','Clemmie','Bins','m','1980-12-10','thora01@example.org',' Kiev','2000-04-18 05:10:24'),
('61','Nicholaus','Huels','f','1970-12-14','luettgen.nannie@example.com',' N.Novgorod','1995-02-11 02:19:39'),
('62','Santiago','Shanahan','m','1977-11-10','august.goyette@example.net',' Kiev','1993-04-09 11:06:19'),
('63','Richmond','Dickens','m','2017-11-09','mpaucek@example.com',' London','2000-03-13 15:25:56'),
('64','Mafalda','Kub','m','1988-09-25','lwillms@example.net',' N.Novgorod','1990-09-10 16:02:27'),
('65','Cade','Champlin','m','1999-04-03','batz.alicia@example.org',' London','1974-09-05 18:59:36'),
('66','Angeline','Moen','m','1984-06-18','nmacejkovic@example.net',' Kiev','1991-11-18 23:53:53'),
('67','Laverna','Hermiston','m','2013-06-28','jeffery94@example.com',' Moscow','1974-02-10 14:59:56'),
('68','Nelle','Cruickshank','f','2015-06-21','dschoen@example.org',' N.Novgorod','1977-01-16 09:10:04'),
('69','Estefania','Reynolds','f','1971-08-15','ahmed.sawayn@example.net',' Kiev','2014-11-07 18:39:04'),
('70','Tina','Robel','f','2011-07-26','paris52@example.org','Kirov','1991-10-02 16:25:00'),
('71','Leora','Lang','m','1977-12-20','bbrakus@example.net','Kirov','1986-01-31 10:34:41'),
('72','Trevor','Botsford','m','1990-09-11','ythompson@example.com',' N.Novgorod','1973-11-30 09:22:23'),
('73','Ruthe','Langosh','f','1982-05-02','anastasia.toy@example.org',' London','1986-01-01 08:04:40'),
('74','Maurine','Parker','m','2018-11-29','lesch.daphnee@example.org',' London','1978-01-22 01:18:13'),
('75','Bettie','Lueilwitz','f','1994-10-24','kertzmann.amalia@example.org',' Moscow','1972-10-01 20:47:45'),
('76','Haskell','Pouros','m','1971-03-14','alia75@example.com',' N.Novgorod','1999-08-29 23:12:43'),
('77','Hannah','Mohr','f','1992-12-13','lemke.jaylon@example.net',' London','2006-05-17 04:07:02'),
('78','Zita','Block','m','1985-02-14','lisa37@example.org',' Moscow','1990-08-04 01:12:31'),
('79','Raheem','Bruen','m','1990-05-22','judy41@example.net',' N.Novgorod','1985-04-02 08:25:06'),
('80','Cletus','Strosin','m','1980-03-09','jamie.lueilwitz@example.net',' Moscow','1979-03-02 09:35:36'),
('81','Monty','Renner','m','2010-10-30','kari17@example.org',' Kiev','1982-10-14 17:48:46'),
('82','Stella','Kunze','m','1970-06-16','mauricio12@example.org',' Kiev','1992-02-11 16:17:21'),
('83','Michele','McClure','f','1977-12-15','caleigh.mckenzie@example.org','Kirov','2018-10-23 10:26:29'),
('84','Adolph','Veum','f','2017-11-02','mherzog@example.org',' Kiev','2013-08-28 11:32:17'),
('85','Alexandre','Pollich','f','1978-01-10','tkuhlman@example.com',' N.Novgorod','1989-04-03 04:52:02'),
('86','Eloisa','Ward','m','1984-09-20','nwilliamson@example.net',' London','1980-09-15 03:18:16'),
('87','Lizeth','Beier','f','2016-07-27','julian26@example.org',' N.Novgorod','2010-02-15 08:59:36'),
('88','Elouise','Hettinger','m','1996-09-01','qhills@example.com',' Kiev','2011-07-16 18:46:36'),
('89','Amie','Dickens','m','2005-12-25','ulehner@example.com',' Kiev','2006-09-26 10:02:12'),
('90','Ali','Harris','f','2009-03-06','thiel.maritza@example.com',' Moscow','1983-04-30 17:14:13'),
('91','Rosanna','Huels','m','1982-04-14','ywisozk@example.net',' N.Novgorod','1976-04-11 20:09:03'),
('92','Alfonso','Osinski','f','2017-07-28','scot56@example.org',' Moscow','1982-03-20 05:57:39'),
('93','Serena','Becker','m','1970-12-26','gswaniawski@example.org',' London','1997-05-04 07:04:59'),
('94','Elenor','Schaden','m','1981-08-03','sim.west@example.org',' N.Novgorod','2009-03-06 08:03:21'),
('95','Vesta','Kuvalis','m','1976-10-21','adams.kassandra@example.net',' Moscow','1994-01-01 17:48:24'),
('96','Janet','Hagenes','m','1980-02-21','marvin.trevor@example.net',' Kiev','1972-03-21 06:15:19'),
('97','Brigitte','Cassin','m','2018-04-07','batz.flavio@example.com','Kirov','1984-04-15 07:10:05'),
('98','Kaci','Kuphal','f','2014-04-02','evie.kub@example.org',' Moscow','1985-08-27 18:58:33'),
('99','Brandyn','Haag','f','2014-06-18','tatum.pagac@example.org',' Moscow','1995-08-14 21:07:57'),
('100','Alexander','Mohr','f','2004-12-15','bnicolas@example.net',' London','1984-11-26 01:30:07'); 


DROP TABLE IF EXISTS `who_plays`;
CREATE TABLE `who_plays` (
  `id` bigint(20) unsigned NOT NULL AUTO_INCREMENT,
  `title` varchar(255) COLLATE utf8_unicode_ci NOT NULL,
  PRIMARY KEY (`id`)
) ENGINE=InnoDB AUTO_INCREMENT=101 DEFAULT CHARSET=utf8 COLLATE=utf8_unicode_ci COMMENT='Кого играют';

INSERT INTO `who_plays` VALUES ('1','Voluptatibus sunt facere itaque iste unde labore sint est.'),
('2','Possimus tempore quis vitae iusto illo corporis.'),
('3','Sunt hic asperiores esse sed.'),
('4','Vitae qui assumenda occaecati laboriosam perferendis.'),
('5','Nostrum at voluptatem non tenetur.'),
('6','Rerum pariatur inventore voluptatum.'),
('7','Nihil et qui ipsum dolores aut commodi.'),
('8','Animi consequatur atque nihil quos quas.'),
('9','Et sed dolorem ipsam qui.'),
('10','Voluptatum repudiandae magnam corrupti ea laborum.'),
('11','Et dolorum in corrupti.'),
('12','Nemo voluptatem a rerum ut.'),
('13','Est totam magni rerum magnam voluptatem placeat.'),
('14','Aperiam inventore et minima laborum rerum.'),
('15','Earum quisquam dolore et fugiat aliquid.'),
('16','Corporis eveniet repellat omnis qui ut quia eligendi.'),
('17','Quas maxime ex voluptates commodi exercitationem odit.'),
('18','Autem modi ab porro voluptatem alias sed iusto.'),
('19','Est deleniti adipisci eos et quia delectus quo dolor.'),
('20','Est quod sunt laborum quia est dolores nisi illum.'),
('21','Consequatur voluptas eius molestiae nostrum beatae ut dolore.'),
('22','Neque ex possimus aut accusantium quam qui nihil.'),
('23','Quis qui ullam ut vero voluptatem.'),
('24','Odio aliquid sit sed consequatur repellat.'),
('25','Commodi eius nisi voluptas voluptatem qui quia.'),
('26','Labore itaque consequuntur officia error iusto nesciunt et occaecati.'),
('27','Voluptatem nihil ducimus velit excepturi.'),
('28','Et rerum hic ab natus saepe et illo.'),
('29','Doloribus autem at quasi deserunt laboriosam.'),
('30','Sed aut sit id non sunt.'),
('31','Nam beatae nisi ab et.'),
('32','Sapiente molestiae ab sapiente magnam maiores natus corrupti.'),
('33','Sit sint eum magnam iste in qui voluptatibus.'),
('34','Atque qui nisi voluptatem illum quia.'),
('35','Qui qui unde ut reiciendis.'),
('36','Laborum placeat enim fuga quia.'),
('37','Illo iusto sunt delectus fugit libero.'),
('38','Non quia consequatur dolores.'),
('39','Quia qui velit sed nam non temporibus veniam deserunt.'),
('40','Voluptatum nihil et itaque aliquid.'),
('41','Totam voluptatem aut omnis explicabo eligendi autem nobis.'),
('42','Enim odit facere et.'),
('43','Recusandae perspiciatis debitis voluptas ratione totam voluptatem.'),
('44','Magni minima illo quis asperiores ab distinctio rem quia.'),
('45','A autem voluptates inventore mollitia tempore earum quisquam.'),
('46','Quia sed ea vero eveniet in.'),
('47','Impedit eum quia enim sed cum fugiat consequatur.'),
('48','Earum nobis id dignissimos qui magnam consequuntur rerum.'),
('49','Id ullam ratione sed est voluptatem optio.'),
('50','Alias et molestias velit possimus autem ab qui omnis.'),
('51','Eum id temporibus quia nulla magnam modi quia.'),
('52','Porro et rerum nulla et quia molestiae.'),
('53','Ut assumenda porro iusto quia est fuga et.'),
('54','Dolorem rerum laboriosam neque doloribus illum non.'),
('55','Sint molestiae est ipsa est.'),
('56','Quam quaerat id numquam.'),
('57','Odio sit consequatur quae explicabo aut recusandae nobis.'),
('58','Eveniet ea voluptatem sed.'),
('59','Asperiores rerum non debitis eum perspiciatis vitae et enim.'),
('60','Eaque et rem rerum perspiciatis.'),
('61','Saepe autem fugit deserunt quidem et unde dolor amet.'),
('62','Modi accusamus et illum et recusandae eveniet voluptatibus.'),
('63','Quis saepe ea sed ut commodi eveniet voluptatum amet.'),
('64','Nisi fugiat aut dolorum in ab sunt.'),
('65','Sed omnis et rem et sapiente nihil magnam.'),
('66','Sed consequuntur earum numquam ut id.'),
('67','Dolor omnis dolores at ullam quia ut nobis ipsam.'),
('68','Id optio veritatis qui pariatur minus rerum.'),
('69','Corrupti laudantium eligendi modi.'),
('70','Alias nisi numquam qui facilis.'),
('71','Rerum sit ab pariatur dignissimos sequi blanditiis.'),
('72','Ut nostrum at illo vitae at ut quia.'),
('73','Laudantium quod tempore ducimus eaque.'),
('74','Molestiae porro in totam ut asperiores voluptatum.'),
('75','Incidunt sed veritatis expedita et laboriosam autem rerum in.'),
('76','Perspiciatis nostrum numquam sed atque dolorum facere natus.'),
('77','At voluptatem vel mollitia architecto est quod.'),
('78','Quis et repudiandae quae aliquam.'),
('79','Reprehenderit quisquam ea adipisci non minus quo facilis et.'),
('80','Libero et quam et.'),
('81','Quam voluptates magnam dolores et quod ullam.'),
('82','Ullam dolorum dolorem distinctio aut omnis repudiandae.'),
('83','Porro expedita odit est voluptates aut vel et.'),
('84','Et id qui voluptatem rerum aperiam explicabo provident.'),
('85','Et soluta sit ex et id.'),
('86','Quis odit est autem odit.'),
('87','Excepturi hic aut eos aperiam in ratione.'),
('88','Ut incidunt id laudantium voluptas voluptatem.'),
('89','Voluptates dolorum perferendis soluta est excepturi commodi.'),
('90','Sit sed eum corrupti provident.'),
('91','Doloremque vel nihil aut officiis rerum.'),
('92','Odio alias sapiente et ullam quia suscipit aliquid.'),
('93','Unde sed ut ut consequatur sed non eveniet.'),
('94','Odio quidem eaque aperiam voluptates illo sunt autem.'),
('95','Laborum ipsum nisi sit.'),
('96','Deleniti nobis dolore voluptas soluta eveniet.'),
('97','Ipsa quod modi natus aut fugit ipsam repudiandae.'),
('98','Earum vel esse quae dolor vel.'),
('99','Qui non facere ratione tempora omnis veritatis.'),
('100','Laborum quae similique omnis error doloremque consequuntur.'); 




/*!40101 SET SQL_MODE=@OLD_SQL_MODE */;
/*!40014 SET FOREIGN_KEY_CHECKS=@OLD_FOREIGN_KEY_CHECKS */;
/*!40014 SET UNIQUE_CHECKS=@OLD_UNIQUE_CHECKS */;
/*!40101 SET CHARACTER_SET_CLIENT=@OLD_CHARACTER_SET_CLIENT */;
/*!40101 SET CHARACTER_SET_RESULTS=@OLD_CHARACTER_SET_RESULTS */;
/*!40101 SET COLLATION_CONNECTION=@OLD_COLLATION_CONNECTION */;
/*!40111 SET SQL_NOTES=@OLD_SQL_NOTES */;

